t,p1_1,p1_2,p1_3,p1_4,p1_5,p1_6,p1_7,p1_8,p1_9,p1_10,p1_11,p2_1,p2_2,p2_3,p2_4,p2_5,p2_6,p2_7,p2_8,p2_9,p2_10,p2_11,q1_1,q1_2,q1_3,q1_4,q1_5,q1_6,q1_7,q1_8,q1_9,q1_10,q1_11,q2_1,q2_2,q2_3,q2_4,q2_5,q2_6,q2_7,q2_8,q2_9,q2_10,q2_11
0,2.1,1.9,2.2,6.1,5.9,6.2,10.1,9.9,10.2,6,5,3.1,2.9,3.2,7.1,6.9,7.2,2.1,1.9,2.2,5,8.66,0,0,0,0,0,0,0,0,0,0,0,0,0,0,0,0,0,0,0,0,0,0
0.251256281407035,2.12323904551763,1.92381494889301,2.22293048480383,6.07104162004676,5.87712113990619,6.16809220725243,10.0691570872176,9.87050808738582,10.1684901959109,5.9867556076354,5,3.14455485968207,2.94424971149152,3.24471444536747,7.14106824793369,6.94474088196122,7.23882114784287,2.13967245252008,1.94068680189222,2.23914487200296,5.04847447605444,8.66,0,0,0,0,0,0,0,0,0,0,0,0,0,0,0,0,0,0,0,0,0,0
0.50251256281407,2.14647809103526,1.94762989778601,2.24586096960767,6.04208324009351,5.85424227981239,6.13618441450487,10.0383141744352,9.84101617477163,10.1369803918219,5.9735112152708,5,3.18910971936415,2.98849942298305,3.28942889073495,7.18213649586738,6.98948176392244,7.27764229568574,2.17934490504016,1.98137360378444,2.27828974400592,5.09694895210887,8.66,0,0,0,0,0,0,0,0,0,0,0,0,0,0,0,0,0,0,0,0,0,0
0.753768844221106,2.16971713655288,1.97144484667902,2.2687914544115,6.01312486014027,5.83136341971858,6.1042766217573,10.0074712616529,9.81152426215744,10.1054705877328,5.9602668229062,5,3.23366457904622,3.03274913447457,3.33414333610242,7.22320474380108,7.03422264588366,7.31646344352861,2.21901735756024,2.02206040567667,2.31743461600888,5.14542342816331,8.66,0,0,0,0,0,0,0,0,0,0,0,0,0,0,0,0,0,0,0,0,0,0
1.00502512562814,2.19295618207051,1.99525979557203,2.29172193921533,5.98416648018702,5.80848455962478,6.07236882900974,9.97662834887048,9.78203234954326,10.0739607836437,5.9470224305416,5,3.27821943872829,3.07699884596609,3.3788577814699,7.26427299173477,7.07896352784488,7.35528459137148,2.25868981008033,2.06274720756889,2.35657948801184,5.19389790421775,8.66,0,0,0,0,0,0,0,0,0,0,0,0,0,0,0,0,0,0,0,0,0,0
1.25628140703518,2.21619522758814,2.01907474446504,2.31465242401916,5.95520810023378,5.78560569953097,6.04046103626217,9.94578543608809,9.75254043692907,10.0424509795547,5.933778038177,5,3.32277429841037,3.12124855745762,3.42357222683737,7.30534123966846,7.12370440980609,7.39410573921435,2.29836226260041,2.10343400946111,2.3957243600148,5.24237238027218,8.66,0,0,0,0,0,0,0,0,0,0,0,0,0,0,0,0,0,0,0,0,0,0
1.50753768844221,2.23943427310577,2.04288969335804,2.337582908823,5.92624972028053,5.76272683943717,6.00855324351461,9.91494252330571,9.72304852431489,10.0109411754656,5.9205336458124,5,3.36732915809244,3.16549826894914,3.46828667220485,7.34640948760215,7.16844529176731,7.43292688705723,2.33803471512049,2.14412081135333,2.43486923201776,5.29084685632662,8.66,0,0,0,0,0,0,0,0,0,0,0,0,0,0,0,0,0,0,0,0,0,0
1.75879396984925,2.2626733186234,2.06670464225105,2.36051339362683,5.89729134032729,5.73984797934336,5.97664545076704,9.88409961052333,9.6935566117007,9.97943137137652,5.9072892534478,5,3.41188401777451,3.20974798044067,3.51300111757232,7.38747773553584,7.21318617372853,7.4717480349001,2.37770716764057,2.18480761324556,2.47401410402072,5.33932133238106,8.66,0,0,0,0,0,0,0,0,0,0,0,0,0,0,0,0,0,0,0,0,0,0
2.01005025125628,2.28591236414103,2.09051959114406,2.38344387843066,5.86833296037405,5.71696911924956,5.94473765801947,9.85325669774095,9.66406469908652,9.94792156728745,5.8940448610832,5,3.45643887745659,3.25399769193219,3.5577155629398,7.42854598346953,7.25792705568975,7.51056918274297,2.41737962016065,2.22549441513778,2.51315897602368,5.38779580843549,8.66,0,0,0,0,0,0,0,0,0,0,0,0,0,0,0,0,0,0,0,0,0,0
2.26130653266332,2.30915140965865,2.11433454003707,2.40637436323449,5.8393745804208,5.69409025915575,5.91282986527191,9.82241378495857,9.63457278647233,9.91641176319838,5.8808004687186,5,3.50099373713866,3.29824740342371,3.60243000830727,7.46961423140323,7.30266793765097,7.54939033058584,2.45705207268073,2.26618121703,2.55230384802664,5.43627028448993,8.66,0,0,0,0,0,0,0,0,0,0,0,0,0,0,0,0,0,0,0,0,0,0
2.51256281407035,2.33239045517628,2.13814948893007,2.42930484803833,5.81041620046756,5.67121139906195,5.88092207252434,9.79157087217619,9.60508087385815,9.88490195910931,5.867556076354,5,3.54554859682073,3.34249711491524,3.64714445367474,7.51068247933692,7.34740881961219,7.58821147842871,2.49672452520081,2.30686801892222,2.59144872002959,5.48474476054436,8.66,0,0,0,0,0,0,0,0,0,0,0,0,0,0,0,0,0,0,0,0,0,0
2.76381909547739,2.35562950069391,2.16196443782308,2.45223533284216,5.78145782051431,5.64833253896814,5.84901427977678,9.76072795939381,9.57558896124396,9.85339215502024,5.85431168398939,5,3.59010345650281,3.38674682640676,3.69185889904222,7.55175072727061,7.39214970157341,7.62703262627158,2.53639697772089,2.34755482081445,2.63059359203255,5.5332192365988,8.66,0,0,0,0,0,0,0,0,0,0,0,0,0,0,0,0,0,0,0,0,0,0
3.01507537688442,2.37886854621154,2.18577938671609,2.47516581764599,5.75249944056107,5.62545367887433,5.81710648702921,9.72988504661143,9.54609704862978,9.82188235093117,5.8410672916248,5,3.63465831618488,3.43099653789828,3.73657334440969,7.5928189752043,7.43689058353463,7.66585377411445,2.57606943024098,2.38824162270667,2.66973846403551,5.58169371265324,8.66,0,0,0,0,0,0,0,0,0,0,0,0,0,0,0,0,0,0,0,0,0,0
3.26633165829146,2.40210759172917,2.2095943356091,2.49809630244983,5.72354106060782,5.60257481878053,5.78519869428165,9.69904213382905,9.51660513601559,9.7903725468421,5.8278228992602,5,3.67921317586695,3.47524624938981,3.78128778977717,7.63388722313799,7.48163146549584,7.70467492195733,2.61574188276106,2.42892842459889,2.70888333603847,5.63016818870767,8.66,0,0,0,0,0,0,0,0,0,0,0,0,0,0,0,0,0,0,0,0,0,0
3.51758793969849,2.42534663724679,2.2334092845021,2.52102678725366,5.69458268065458,5.57969595868672,5.75329090153408,9.66819922104666,9.48711322340141,9.75886274275303,5.81457850689559,5,3.72376803554903,3.51949596088133,3.82600223514464,7.67495547107169,7.52637234745706,7.7434960698002,2.65541433528114,2.46961522649111,2.74802820804143,5.67864266476211,8.66,0,0,0,0,0,0,0,0,0,0,0,0,0,0,0,0,0,0,0,0,0,0
3.76884422110553,2.44858568276442,2.25722423339511,2.54395727205749,5.66562430070134,5.55681709859292,5.72138310878652,9.63735630826428,9.45762131078722,9.72735293866397,5.801334114531,5,3.7683228952311,3.56374567237286,3.87071668051212,7.71602371900538,7.57111322941828,7.78231721764307,2.69508678780122,2.51030202838334,2.78717308004439,5.72711714081655,8.66,0,0,0,0,0,0,0,0,0,0,0,0,0,0,0,0,0,0,0,0,0,0
4.02010050251256,2.47182472828205,2.28103918228812,2.56688775686132,5.63666592074809,5.53393823849911,5.68947531603895,9.6065133954819,9.42812939817304,9.6958431345749,5.78808972216639,5,3.81287775491317,3.60799538386438,3.91543112587959,7.75709196693907,7.6158541113795,7.82113836548594,2.7347592403213,2.55098883027556,2.82631795204735,5.77559161687098,8.66,0,0,0,0,0,0,0,0,0,0,0,0,0,0,0,0,0,0,0,0,0,0
4.2713567839196,2.49506377379968,2.30485413118113,2.58981824166516,5.60770754079485,5.51105937840531,5.65756752329138,9.57567048269952,9.39863748555885,9.66433333048583,5.77484532980179,5,3.85743261459525,3.6522450953559,3.96014557124706,7.79816021487276,7.66059499334072,7.85995951332881,2.77443169284138,2.59167563216778,2.86546282405031,5.82406609292542,8.66,0,0,0,0,0,0,0,0,0,0,0,0,0,0,0,0,0,0,0,0,0,0
4.52261306532663,2.51830281931731,2.32866908007413,2.61274872646899,5.5787491608416,5.4881805183115,5.62565973054382,9.54482756991714,9.36914557294467,9.63282352639676,5.7616009374372,5,3.90198747427732,3.69649480684743,4.00486001661454,7.83922846280645,7.70533587530194,7.89878066117168,2.81410414536147,2.63236243406,2.90460769605327,5.87254056897986,8.66,0,0,0,0,0,0,0,0,0,0,0,0,0,0,0,0,0,0,0,0,0,0
4.77386934673367,2.54154186483493,2.35248402896714,2.63567921127282,5.54979078088836,5.4653016582177,5.59375193779625,9.51398465713476,9.33965366033048,9.60131372230769,5.74835654507259,5,3.94654233395939,3.74074451833895,4.04957446198201,7.88029671074015,7.75007675726316,7.93760180901456,2.85377659788155,2.67304923595223,2.94375256805623,5.92101504503429,8.66,0,0,0,0,0,0,0,0,0,0,0,0,0,0,0,0,0,0,0,0,0,0
5.0251256281407,2.56478091035256,2.37629897786015,2.65860969607666,5.52083240093511,5.44242279812389,5.56184414504869,9.48314174435238,9.3101617477163,9.56980391821862,5.73511215270799,5,3.99109719364147,3.78499422983047,4.09428890734949,7.92136495867384,7.79481763922437,7.97642295685743,2.89344905040163,2.71373603784445,2.98289744005919,5.96948952108873,8.66,0,0,0,0,0,0,0,0,0,0,0,0,0,0,0,0,0,0,0,0,0,0
5.27638190954774,2.58801995587019,2.40011392675316,2.68154018088049,5.49187402098187,5.41954393803009,5.52993635230112,9.45229883157,9.28066983510211,9.53829411412955,5.72186776034339,5,4.03565205332354,3.829243941322,4.13900335271696,7.96243320660753,7.83955852118559,8.0152441047003,2.93312150292171,2.75442283973667,3.02204231206215,6.01796399714317,8.66,0,0,0,0,0,0,0,0,0,0,0,0,0,0,0,0,0,0,0,0,0,0
5.52763819095477,2.61125900138782,2.42392887564616,2.70447066568432,5.46291564102863,5.39666507793629,5.49802855955356,9.42145591878762,9.25117792248792,9.50678431004048,5.70862336797879,5,4.08020691300561,3.87349365281352,4.18371779808444,8.00350145454122,7.88429940314681,8.05406525254317,2.97279395544179,2.79510964162889,3.06118718406511,6.0664384731976,8.66,0,0,0,0,0,0,0,0,0,0,0,0,0,0,0,0,0,0,0,0,0,0
5.77889447236181,2.63449804690545,2.44774382453917,2.72740115048815,5.43395726107538,5.37378621784248,5.46612076680599,9.39061300600524,9.22168600987374,9.47527450595141,5.69537897561419,5,4.12476177268769,3.91774336430504,4.22843224345191,8.04456970247491,7.92904028510803,8.09288640038604,3.01246640796187,2.83579644352111,3.10033205606807,6.11491294925204,8.66,0,0,0,0,0,0,0,0,0,0,0,0,0,0,0,0,0,0,0,0,0,0
6.03015075376884,2.65773709242307,2.47155877343218,2.75033163529199,5.40499888112214,5.35090735774868,5.43421297405843,9.35977009322285,9.19219409725955,9.44376470186235,5.68213458324959,5,4.16931663236976,3.96199307579657,4.27314668881939,8.08563795040861,7.97378116706925,8.13170754822891,3.05213886048196,2.87648324541334,3.13947692807103,6.16338742530647,8.66,0,0,0,0,0,0,0,0,0,0,0,0,0,0,0,0,0,0,0,0,0,0
6.28140703517588,2.6809761379407,2.49537372232519,2.77326212009582,5.37604050116889,5.32802849765487,5.40230518131086,9.32892718044047,9.16270218464537,9.41225489777328,5.66889019088499,5,4.21387149205183,4.00624278728809,4.31786113418686,8.1267061983423,8.01852204903047,8.17052869607178,3.09181131300204,2.91717004730556,3.17862180007399,6.21186190136091,8.66,0,0,0,0,0,0,0,0,0,0,0,0,0,0,0,0,0,0,0,0,0,0
6.53266331658291,2.70421518345833,2.5191886712182,2.79619260489965,5.34708212121565,5.30514963756107,5.3703973885633,9.29808426765809,9.13321027203118,9.38074509368421,5.65564579852039,5,4.25842635173391,4.05049249877962,4.36257557955433,8.16777444627599,8.06326293099169,8.20934984391465,3.13148376552212,2.95785684919778,3.21776667207695,6.26033637741535,8.66,0,0,0,0,0,0,0,0,0,0,0,0,0,0,0,0,0,0,0,0,0,0
6.78391959798995,2.72745422897596,2.5430036201112,2.81912308970349,5.31812374126241,5.28227077746726,5.33848959581573,9.26724135487571,9.103718359417,9.34923528959514,5.64240140615579,5,4.30298121141598,4.09474221027114,4.40729002492181,8.20884269420968,8.10800381295291,8.24817099175752,3.1711562180422,2.99854365109,3.25691154407991,6.30881085346978,8.66,0,0,0,0,0,0,0,0,0,0,0,0,0,0,0,0,0,0,0,0,0,0
7.03517587939699,2.75069327449359,2.56681856900421,2.84205357450732,5.28916536130916,5.25939191737345,5.30658180306817,9.23639844209333,9.07422644680281,9.31772548550607,5.62915701379119,5,4.34753607109806,4.13899192176266,4.45200447028928,8.24991094214337,8.15274469491413,8.28699213960039,3.21082867056228,3.03923045298223,3.29605641608287,6.35728532952422,8.66,0,0,0,0,0,0,0,0,0,0,0,0,0,0,0,0,0,0,0,0,0,0
7.28643216080402,2.77393232001122,2.59063351789722,2.86498405931115,5.26020698135592,5.23651305727965,5.2746740103206,9.20555552931095,9.04473453418863,9.286215681417,5.61591262142659,5,4.39209093078013,4.18324163325419,4.49671891565676,8.29097919007707,8.19748557687535,8.32581328744326,3.25050112308236,3.07991725487445,3.33520128808582,6.40575980557866,8.66,0,0,0,0,0,0,0,0,0,0,0,0,0,0,0,0,0,0,0,0,0,0
7.53768844221106,2.79717136552884,2.61444846679023,2.88791454411499,5.23124860140267,5.21363419718584,5.24276621757304,9.17471261652857,9.01524262157444,9.25470587732793,5.60266822906199,5,4.4366457904622,4.22749134474571,4.54143336102423,8.33204743801076,8.24222645883657,8.36463443528613,3.29017357560245,3.12060405676667,3.37434616008878,6.45423428163309,8.66,0,0,0,0,0,0,0,0,0,0,0,0,0,0,0,0,0,0,0,0,0,0
7.78894472361809,2.82041041104647,2.63826341568323,2.91084502891882,5.20229022144943,5.19075533709204,5.21085842482547,9.14386970374619,8.98575070896026,9.22319607323886,5.58942383669739,5,4.48120065014428,4.27174105623724,4.58614780639171,8.37311568594445,8.28696734079779,8.40345558312901,3.32984602812253,3.16129085865889,3.41349103209174,6.50270875768753,8.66,0,0,0,0,0,0,0,0,0,0,0,0,0,0,0,0,0,0,0,0,0,0
8.04020100502512,2.8436494565641,2.66207836457624,2.93377551372265,5.17333184149618,5.16787647699823,5.17895063207791,9.11302679096381,8.95625879634607,9.19168626914979,5.57617944433279,5,4.52575550982635,4.31599076772876,4.63086225175918,8.41418393387814,8.33170822275901,8.44227673097188,3.36951848064261,3.20197766055112,3.4526359040947,6.55118323374197,8.66,0,0,0,0,0,0,0,0,0,0,0,0,0,0,0,0,0,0,0,0,0,0
8.29145728643216,2.86688850208173,2.68589331346925,2.95670599852648,5.14437346154294,5.14499761690443,5.14704283933034,9.08218387818143,8.92676688373189,9.16017646506072,5.56293505196819,5,4.57031036950842,4.36024047922028,4.67557669712665,8.45525218181184,8.37644910472023,8.48109787881475,3.40919093316269,3.24266446244334,3.49178077609766,6.5996577097964,8.66,0,0,0,0,0,0,0,0,0,0,0,0,0,0,0,0,0,0,0,0,0,0
8.5427135678392,2.89012754759936,2.70970826236226,2.97963648333032,5.11541508158969,5.12211875681062,5.11513504658278,9.05134096539904,8.8972749711177,9.12866666097165,5.54969065960359,5,4.6148652291905,4.40449019071181,4.72029114249413,8.49632042974553,8.42118998668145,8.51991902665762,3.44886338568277,3.28335126433556,3.53092564810062,6.64813218585084,8.66,0,0,0,0,0,0,0,0,0,0,0,0,0,0,0,0,0,0,0,0,0,0
8.79396984924623,2.91336659311698,2.73352321125526,3.00256696813415,5.08645670163645,5.09923989671682,5.08322725383521,9.02049805261666,8.86778305850352,9.09715685688258,5.53644626723899,5,4.65942008887257,4.44873990220333,4.7650055878616,8.53738867767922,8.46593086864267,8.55874017450049,3.48853583820285,3.32403806622778,3.57007052010358,6.69660666190528,8.66,0,0,0,0,0,0,0,0,0,0,0,0,0,0,0,0,0,0,0,0,0,0
9.04522613065327,2.93660563863461,2.75733816014827,3.02549745293798,5.0574983216832,5.07636103662301,5.05131946108765,8.98965513983428,8.83829114588933,9.06564705279351,5.52320187487439,5,4.70397494855465,4.49298961369486,4.80972003322908,8.57845692561291,8.51067175060389,8.59756132234336,3.52820829072294,3.36472486812001,3.60921539210654,6.74508113795971,8.66,0,0,0,0,0,0,0,0,0,0,0,0,0,0,0,0,0,0,0,0,0,0
9.2964824120603,2.95984468415224,2.78115310904128,3.04842793774182,5.02853994172996,5.05348217652921,5.01941166834008,8.9588122270519,8.80879923327515,9.03413724870444,5.50995748250979,5,4.74852980823672,4.53723932518638,4.85443447859655,8.6195251735466,8.5554126325651,8.63638247018623,3.56788074324302,3.40541167001223,3.6483602641095,6.79355561401415,8.66,0,0,0,0,0,0,0,0,0,0,0,0,0,0,0,0,0,0,0,0,0,0
9.54773869346734,2.98308372966987,2.80496805793429,3.07135842254565,4.99958156177671,5.0306033164354,4.98750387559252,8.92796931426952,8.77930732066096,9.00262744461537,5.49671309014519,5,4.79308466791879,4.58148903667791,4.89914892396403,8.6605934214803,8.60015351452632,8.6752036180291,3.6075531957631,3.44609847190445,3.68750513611246,6.84203009006858,8.66,0,0,0,0,0,0,0,0,0,0,0,0,0,0,0,0,0,0,0,0,0,0
9.79899497487437,3.0063227751875,2.82878300682729,3.09428890734948,5.02853994172992,5.0077244563416,5.01941166834009,8.89712640148714,8.74981540804677,8.97111764052631,5.48346869778059,5,4.83763952760087,4.62573874816943,4.9438633693315,8.61952517354658,8.64489439648754,8.63638247018623,3.64722564828318,3.48678527379667,3.72665000811542,6.89050456612302,8.66,0,0,0,0,0,0,0,0,0,0,0,0,0,0,0,0,0,0,0,0,0,0
10.0502512562814,3.02956182070512,2.8525979557203,3.11721939215332,4.99958156177671,4.98484559624779,4.98750387559252,8.86628348870476,8.72032349543259,8.93960783643723,5.47022430541599,5,4.88219438728294,4.66998845966095,4.98857781469898,8.6605934214803,8.68963527844876,8.6752036180291,3.68689810080326,3.5274720756889,3.76579488011838,6.93897904217746,8.66,0,0,0,0,0,0,0,0,0,0,0,0,0,0,0,0,0,0,0,0,0,0
10.3015075376884,3.05280086622275,2.87641290461331,3.14014987695715,5.02853994172992,5.0077244563416,5.01941166834008,8.83544057592238,8.6908315828184,8.90809803234817,5.45697991305139,5,4.92674924696501,4.71423817115248,5.03329226006645,8.61952517354658,8.64489439648754,8.63638247018623,3.72657055332335,3.56815887758112,3.80493975212134,6.98745351823189,8.66,0,0,0,0,0,0,0,0,0,0,0,0,0,0,0,0,0,0,0,0,0,0
10.5527638190955,3.07603991174038,2.90022785350632,3.16308036176098,4.99958156177671,4.98484559624779,4.98750387559252,8.80459766314,8.66133967020422,8.8765882282591,5.44373552068679,5,4.97130410664709,4.758487882644,5.07800670543392,8.6605934214803,8.68963527844876,8.6752036180291,3.76624300584343,3.60884567947334,3.8440846241243,7.03592799428633,8.66,0,0,0,0,0,0,0,0,0,0,0,0,0,0,0,0,0,0,0,0,0,0
10.8040201005025,3.09927895725801,2.92404280239932,3.18601084656482,5.02853994172992,5.0077244563416,5.01941166834009,8.77375475035761,8.63184775759003,8.84507842417003,5.43049112832219,5,5.01585896632916,4.80273759413553,5.1227211508014,8.61952517354658,8.64489439648754,8.63638247018623,3.80591545836351,3.64953248136556,3.88322949612726,7.08440247034077,8.66,0,0,0,0,0,0,0,0,0,0,0,0,0,0,0,0,0,0,0,0,0,0
11.0552763819095,3.12251800277564,2.94785775129233,3.20894133136865,4.99958156177671,4.98484559624779,4.98750387559252,8.74291183757523,8.60235584497585,8.81356862008096,5.41724673595759,5,5.06041382601124,4.84698730562705,5.16743559616887,8.6605934214803,8.68963527844876,8.6752036180291,3.84558791088359,3.69021928325779,3.92237436813022,7.1328769463952,8.66,0,0,0,0,0,0,0,0,0,0,0,0,0,0,0,0,0,0,0,0,0,0
11.3065326633166,3.14575704829327,2.97167270018534,3.23187181617248,5.02853994172992,5.0077244563416,5.01941166834008,8.71206892479285,8.57286393236166,8.78205881599189,5.40400234359299,5,5.10496868569331,4.89123701711857,5.21215004153635,8.61952517354658,8.64489439648754,8.63638247018623,3.88526036340367,3.73090608515001,3.96151924013318,7.18135142244964,8.66,0,0,0,0,0,0,0,0,0,0,0,0,0,0,0,0,0,0,0,0,0,0
11.5577889447236,3.16899609381089,2.99548764907835,3.25480230097631,4.99958156177671,4.98484559624779,4.98750387559252,8.68122601201047,8.54337201974748,8.75054901190282,5.39075795122839,5,5.14952354537538,4.9354867286101,5.25686448690382,8.6605934214803,8.68963527844876,8.6752036180291,3.92493281592375,3.77159288704223,4.00066411213614,7.22982589850408,8.66,0,0,0,0,0,0,0,0,0,0,0,0,0,0,0,0,0,0,0,0,0,0
11.8090452261307,3.19223513932852,3.01930259797135,3.27773278578015,5.02853994172992,5.0077244563416,5.01941166834009,8.65038309922809,8.51388010713329,8.71903920781375,5.37751355886379,5,5.19407840505746,4.97973644010162,5.3015789322713,8.61952517354658,8.64489439648754,8.63638247018623,3.96460526844384,3.81227968893445,4.0398089841391,7.27830037455851,8.66,0,0,0,0,0,0,0,0,0,0,0,0,0,0,0,0,0,0,0,0,0,0
12.0603015075377,3.21547418484615,3.04311754686436,3.30066327058398,4.99958156177671,4.98484559624779,4.98750387559252,8.61954018644571,8.48438819451911,8.68752940372468,5.36426916649919,5,5.23863326473953,5.02398615159315,5.34629337763877,8.6605934214803,8.68963527844876,8.6752036180291,4.00427772096392,3.85296649082667,4.07895385614206,7.32677485061295,8.66,0,0,0,0,0,0,0,0,0,0,0,0,0,0,0,0,0,0,0,0,0,0
12.3115577889447,3.23871323036378,3.06693249575737,3.32359375538781,5.02853994172992,5.0077244563416,5.01941166834008,8.58869727366333,8.45489628190492,8.65601959963561,5.35102477413459,5,5.2831881244216,5.06823586308467,5.39100782300624,8.61952517354658,8.64489439648754,8.63638247018623,4.043950173484,3.8936532927189,4.11809872814502,7.37524932666739,8.66,0,0,0,0,0,0,0,0,0,0,0,0,0,0,0,0,0,0,0,0,0,0
12.5628140703518,3.26195227588141,3.09074744465038,3.34652424019165,4.99958156177671,4.98484559624779,4.98750387559252,8.55785436088095,8.42540436929074,8.62450979554654,5.33778038176999,5,5.32774298410368,5.1124855745762,5.43572226837372,8.6605934214803,8.68963527844876,8.6752036180291,4.08362262600408,3.93434009461112,4.15724360014798,7.42372380272182,8.66,0,0,0,0,0,0,0,0,0,0,0,0,0,0,0,0,0,0,0,0,0,0
12.8140703517588,3.28519132139903,3.11456239354338,3.36945472499548,5.02853994172992,5.0077244563416,5.01941166834009,8.52701144809857,8.39591245667655,8.59299999145747,5.32453598940539,5,5.37229784378575,5.15673528606772,5.48043671374119,8.61952517354658,8.64489439648754,8.63638247018623,4.12329507852416,3.97502689650334,4.19638847215094,7.47219827877626,8.66,0,0,0,0,0,0,0,0,0,0,0,0,0,0,0,0,0,0,0,0,0,0
13.0653266331658,3.30843036691666,3.13837734243639,3.39238520979931,4.99958156177671,4.98484559624779,4.98750387559252,8.49616853531619,8.36642054406237,8.5614901873684,5.31129159704079,5,5.41685270346782,5.20098499755924,5.52515115910867,8.6605934214803,8.68963527844876,8.6752036180291,4.16296753104424,4.01571369839556,4.23553334415389,7.5206727548307,8.66,0,0,0,0,0,0,0,0,0,0,0,0,0,0,0,0,0,0,0,0,0,0
13.3165829145729,3.33166941243429,3.1621922913294,3.41531569460315,5.02853994172992,5.0077244563416,5.01941166834008,8.4653256225338,8.33692863144818,8.52998038327933,5.29804720467619,5,5.4614075631499,5.24523470905077,5.56986560447614,8.61952517354658,8.64489439648754,8.63638247018623,4.20263998356432,4.05640050028779,4.27467821615685,7.56914723088513,8.66,0,0,0,0,0,0,0,0,0,0,0,0,0,0,0,0,0,0,0,0,0,0
13.5678391959799,3.35490845795192,3.18600724022241,3.43824617940698,4.99958156177671,4.98484559624779,4.98750387559252,8.43448270975142,8.307436718834,8.49847057919026,5.28480281231159,5,5.50596242283197,5.28948442054229,5.61458004984362,8.6605934214803,8.68963527844876,8.6752036180291,4.24231243608441,4.09708730218001,4.31382308815981,7.61762170693957,8.66,0,0,0,0,0,0,0,0,0,0,0,0,0,0,0,0,0,0,0,0,0,0
13.8190954773869,3.37814750346955,3.20982218911541,3.46117666421081,5.02853994172992,5.0077244563416,5.01941166834009,8.40363979696904,8.27794480621981,8.46696077510119,5.27155841994699,5,5.55051728251405,5.33373413203382,5.65929449521109,8.61952517354658,8.64489439648754,8.63638247018623,4.28198488860449,4.13777410407223,4.35296796016277,7.666096182994,8.66,0,0,0,0,0,0,0,0,0,0,0,0,0,0,0,0,0,0,0,0,0,0
14.070351758794,3.40138654898717,3.23363713800842,3.48410714901465,4.99958156177671,4.98484559624779,4.98750387559252,8.37279688418666,8.24845289360563,8.43545097101212,5.25831402758239,5,5.59507214219612,5.37798384352534,5.70400894057857,8.6605934214803,8.68963527844876,8.6752036180291,4.32165734112457,4.17846090596445,4.39211283216573,7.71457065904844,8.66,0,0,0,0,0,0,0,0,0,0,0,0,0,0,0,0,0,0,0,0,0,0
14.321608040201,3.4246255945048,3.25745208690143,3.50703763381848,5.02853994172992,5.0077244563416,5.01941166834008,8.34195397140428,8.21896098099144,8.40394116692305,5.24506963521779,5,5.63962700187819,5.42223355501686,5.74872338594604,8.61952517354658,8.64489439648754,8.63638247018623,4.36132979364465,4.21914770785667,4.43125770416869,7.76304513510288,8.66,0,0,0,0,0,0,0,0,0,0,0,0,0,0,0,0,0,0,0,0,0,0
14.572864321608,3.44786464002243,3.28126703579444,3.52996811862231,4.99958156177671,4.98484559624779,4.98750387559252,8.3111110586219,8.18946906837725,8.37243136283398,5.23182524285319,5,5.68418186156027,5.46648326650839,5.79343783131351,8.6605934214803,8.68963527844876,8.6752036180291,4.40100224616473,4.2598345097489,4.47040257617165,7.81151961115731,8.66,0,0,0,0,0,0,0,0,0,0,0,0,0,0,0,0,0,0,0,0,0,0
14.8241206030151,3.47110368554006,3.30508198468744,3.55289860342614,5.02853994172992,5.0077244563416,5.01941166834009,8.28026814583952,8.15997715576307,8.34092155874491,5.21858085048859,5,5.72873672124234,5.51073297799991,5.83815227668099,8.61952517354658,8.64489439648754,8.63638247018623,4.44067469868481,4.30052131164112,4.50954744817461,7.85999408721175,8.66,0,0,0,0,0,0,0,0,0,0,0,0,0,0,0,0,0,0,0,0,0,0
15.0753768844221,3.49434273105769,3.32889693358045,3.57582908822998,4.99958156177671,4.98484559624779,4.98750387559252,8.24942523305714,8.13048524314888,8.30941175465584,5.20533645812399,5,5.77329158092441,5.55498268949143,5.88286672204846,8.6605934214803,8.68963527844876,8.6752036180291,4.48034715120489,4.34120811353334,4.54869232017757,7.90846856326619,8.66,0,0,0,0,0,0,0,0,0,0,0,0,0,0,0,0,0,0,0,0,0,0
15.3266331658291,3.51758177657532,3.35271188247346,3.59875957303381,5.02853994172992,5.0077244563416,5.01941166834008,8.21858232027476,8.1009933305347,8.27790195056677,5.19209206575939,5,5.81784644060649,5.59923240098296,5.92758116741594,8.61952517354658,8.64489439648754,8.63638247018623,4.52001960372498,4.38189491542556,4.58783719218053,7.95694303932062,8.66,0,0,0,0,0,0,0,0,0,0,0,0,0,0,0,0,0,0,0,0,0,0
15.5778894472362,3.54082082209295,3.37652683136647,3.62169005783764,4.99958156177671,4.98484559624779,4.98750387559252,8.18773940749237,8.07150141792051,8.2463921464777,5.17884767339479,5,5.86240130028856,5.64348211247448,5.97229561278341,8.6605934214803,8.68963527844876,8.6752036180291,4.55969205624506,4.42258171731778,4.62698206418349,8.00541751537506,8.66,0,0,0,0,0,0,0,0,0,0,0,0,0,0,0,0,0,0,0,0,0,0
15.8291457286432,3.56405986761057,3.40034178025947,3.64462054264148,5.02853994172992,5.0077244563416,5.01941166834009,8.15689649470999,8.04200950530633,8.21488234238863,5.16560328103019,5,5.90695615997064,5.687731823966,6.01701005815089,8.61952517354658,8.64489439648754,8.63638247018623,4.59936450876514,4.46326851921001,4.66612693618645,8.0538919914295,8.66,0,0,0,0,0,0,0,0,0,0,0,0,0,0,0,0,0,0,0,0,0,0
16.0804020100502,3.5872989131282,3.42415672915248,3.66755102744531,4.99958156177671,4.98484559624779,4.98750387559252,8.12605358192761,8.01251759269214,8.18337253829956,5.15235888866559,5,5.95151101965271,5.73198153545753,6.06172450351836,8.6605934214803,8.68963527844876,8.6752036180291,4.63903696128522,4.50395532110223,4.70527180818941,8.10236646748393,8.66,0,0,0,0,0,0,0,0,0,0,0,0,0,0,0,0,0,0,0,0,0,0
16.3316582914573,3.61053795864583,3.44797167804549,3.69048151224914,5.02853994172992,5.0077244563416,5.01941166834008,8.09521066914523,7.98302568007796,8.15186273421049,5.13911449630099,5,5.99606587933478,5.77623124694905,6.10643894888583,8.61952517354658,8.64489439648754,8.63638247018623,4.6787094138053,4.54464212299445,4.74441668019237,8.15084094353837,8.66,0,0,0,0,0,0,0,0,0,0,0,0,0,0,0,0,0,0,0,0,0,0
16.5829145728643,3.63377700416346,3.4717866269385,3.71341199705298,4.99958156177671,4.98484559624779,4.98750387559252,8.06436775636285,7.95353376746377,8.12035293012142,5.12587010393639,5,6.04062073901686,5.82048095844057,6.15115339425331,8.6605934214803,8.68963527844876,8.6752036180291,4.71838186632538,4.58532892488667,4.78356155219533,8.19931541959281,8.66,0,0,0,0,0,0,0,0,0,0,0,0,0,0,0,0,0,0,0,0,0,0
16.8341708542714,3.65701604968109,3.4956015758315,3.73634248185681,5.02853994172992,5.0077244563416,5.01941166834009,8.03352484358047,7.92404185484959,8.08884312603235,5.11262571157179,5,6.08517559869893,5.8647306699321,6.19586783962078,8.61952517354658,8.64489439648754,8.63638247018623,4.75805431884546,4.62601572677889,4.82270642419829,8.24778989564725,8.66,0,0,0,0,0,0,0,0,0,0,0,0,0,0,0,0,0,0,0,0,0,0
17.0854271356784,3.68025509519872,3.51941652472451,3.75927296666064,4.99958156177671,4.98484559624779,4.98750387559252,8.00268193079809,7.89454994223541,8.05733332194328,5.09938131920719,5,6.129730458381,5.90898038142362,6.24058228498826,8.6605934214803,8.68963527844876,8.6752036180291,4.79772677136554,4.66670252867112,4.86185129620125,8.29626437170168,8.66,0,0,0,0,0,0,0,0,0,0,0,0,0,0,0,0,0,0,0,0,0,0
17.3366834170854,3.70349414071635,3.54323147361752,3.78220345146448,5.02853994172992,5.0077244563416,5.01941166834008,7.97183901801571,7.86505802962122,8.02582351785421,5.08613692684259,5,6.17428531806308,5.95323009291514,6.28529673035573,8.61952517354658,8.64489439648754,8.63638247018623,4.83739922388563,4.70738933056334,4.90099616820421,8.34473884775612,8.66,0,0,0,0,0,0,0,0,0,0,0,0,0,0,0,0,0,0,0,0,0,0
17.5879396984925,3.72673318623397,3.56704642251053,3.80513393626831,4.99958156177671,4.98484559624779,4.98750387559252,7.94099610523333,7.83556611700704,7.99431371376514,5.07289253447799,5,6.21884017774515,5.99747980440667,6.33001117572321,8.6605934214803,8.68963527844876,8.6752036180291,4.87707167640571,4.74807613245556,4.94014104020717,8.39321332381056,8.66,0,0,0,0,0,0,0,0,0,0,0,0,0,0,0,0,0,0,0,0,0,0
17.8391959798995,3.7499722317516,3.59086137140353,3.82806442107214,5.02853994172992,5.0077244563416,5.01941166834009,7.91015319245095,7.80607420439285,7.96280390967607,5.05964814211339,5,6.26339503742723,6.04172951589819,6.37472562109068,8.61952517354658,8.64489439648754,8.63638247018623,4.91674412892579,4.78876293434778,4.97928591221013,8.441687799865,8.66,0,0,0,0,0,0,0,0,0,0,0,0,0,0,0,0,0,0,0,0,0,0
18.0904522613065,3.77321127726923,3.61467632029654,3.85099490587597,4.99958156177671,4.98484559624779,4.98750387559252,7.87931027966857,7.77658229177867,7.931294105587,5.04640374974879,5,6.3079498971093,6.08597922738972,6.41944006645816,8.6605934214803,8.68963527844876,8.6752036180291,4.95641658144587,4.82944973624,5.01843078421309,8.49016227591943,8.66,0,0,0,0,0,0,0,0,0,0,0,0,0,0,0,0,0,0,0,0,0,0
18.3417085427136,3.79645032278686,3.63849126918955,3.87392539067981,5.02853994172992,5.0077244563416,5.01941166834008,7.84846736688619,7.74709037916448,7.89978430149793,5.03315935738419,5,6.35250475679137,6.13022893888124,6.46415451182563,8.61952517354658,8.64489439648754,8.63638247018623,4.99608903396595,4.87013653813223,5.05757565621605,8.53863675197387,8.66,0,0,0,0,0,0,0,0,0,0,0,0,0,0,0,0,0,0,0,0,0,0
18.5929648241206,3.81968936830449,3.66230621808256,3.89685587548364,4.99958156177671,4.98484559624779,4.98750387559252,7.81762445410381,7.7175984665503,7.86827449740886,5.01991496501959,5,6.39705961647345,6.17447865037276,6.5088689571931,8.6605934214803,8.68963527844876,8.6752036180291,5.03576148648603,4.91082334002445,5.09672052821901,8.58711122802831,8.66,0,0,0,0,0,0,0,0,0,0,0,0,0,0,0,0,0,0,0,0,0,0
18.8442211055276,3.84292841382212,3.68612116697556,3.91978636028747,5.02853994172992,5.0077244563416,5.01941166834009,7.78678154132143,7.68810655393612,7.83676469331979,5.00667057265499,5,6.44161447615552,6.21872836186428,6.55358340256058,8.61952517354658,8.64489439648754,8.63638247018623,5.07543393900611,4.95151014191667,5.13586540022197,8.63558570408274,8.66,0,0,0,0,0,0,0,0,0,0,0,0,0,0,0,0,0,0,0,0,0,0
19.0954773869347,3.86616745933975,3.70993611586857,3.94271684509131,4.99958156177671,4.98484559624779,4.98750387559252,7.75593862853905,7.65861464132193,7.80525488923072,4.99342618029039,5,6.48616933583759,6.26297807335581,6.59829784792805,8.6605934214803,8.68963527844876,8.6752036180291,5.1151063915262,4.99219694380889,5.17501027222493,8.68406018013718,8.66,0,0,0,0,0,0,0,0,0,0,0,0,0,0,0,0,0,0,0,0,0,0
19.3467336683417,3.88940650485737,3.73375106476158,3.96564732989514,5.02853994172992,5.0077244563416,5.01941166834008,7.72509571575667,7.62912272870775,7.77374508514165,5.00667057265499,5,6.53072419551967,6.30722778484733,6.64301229329553,8.61952517354658,8.64489439648754,8.63638247018623,5.15477884404628,5.03288374570111,5.21415514422789,8.63558570408274,8.66,0,0,0,0,0,0,0,0,0,0,0,0,0,0,0,0,0,0,0,0,0,0
19.5979899497487,3.912645550375,3.75756601365459,3.98857781469897,4.99958156177671,4.98484559624779,4.98750387559252,7.69425280297429,7.59963081609356,7.74223528105258,4.99342618029039,5,6.57527905520174,6.35147749633886,6.687726738663,8.6605934214803,8.68963527844876,8.6752036180291,5.19445129656636,5.07357054759334,5.25330001623085,8.68406018013718,8.66,0,0,0,0,0,0,0,0,0,0,0,0,0,0,0,0,0,0,0,0,0,0
19.8492462311558,3.93588459589263,3.78138096254759,4.01150829950281,5.02853994172992,5.0077244563416,5.01941166834009,7.66340989019191,7.57013890347938,7.71072547696351,5.00667057265499,5,6.61983391488382,6.39572720783038,6.73244118403048,8.61952517354658,8.64489439648754,8.63638247018623,5.23412374908644,5.11425734948556,5.29244488823381,8.63558570408274,8.66,0,0,0,0,0,0,0,0,0,0,0,0,0,0,0,0,0,0,0,0,0,0
20.1005025125628,3.95912364141026,3.8051959114406,4.03443878430664,4.99958156177671,4.98484559624779,4.98750387559252,7.63256697740953,7.54064699086519,7.67921567287444,4.99342618029039,5,6.66438877456589,6.4399769193219,6.77715562939795,8.6605934214803,8.68963527844876,8.6752036180291,5.27379620160652,5.15494415137778,5.33158976023677,8.68406018013718,8.66,0,0,0,0,0,0,0,0,0,0,0,0,0,0,0,0,0,0,0,0,0,0
20.3517587939699,3.98236268692789,3.82901086033361,4.05736926911047,5.02853994172992,5.0077244563416,5.01941166834008,7.60172406462715,7.51115507825101,7.64770586878537,5.00667057265499,5,6.70894363424796,6.48422663081343,6.82187007476542,8.61952517354658,8.64489439648754,8.63638247018623,5.3134686541266,5.19563095327,5.37073463223973,8.63558570408274,8.66,0,0,0,0,0,0,0,0,0,0,0,0,0,0,0,0,0,0,0,0,0,0
20.6030150753769,4.00560173244552,3.85282580922662,4.08029975391431,4.99958156177671,4.98484559624779,4.98750387559252,7.57088115184477,7.48166316563682,7.6161960646963,4.99342618029039,5,6.75349849393004,6.52847634230495,6.8665845201329,8.6605934214803,8.68963527844876,8.6752036180291,5.35314110664668,5.23631775516222,5.40987950424269,8.68406018013718,8.66,0,0,0,0,0,0,0,0,0,0,0,0,0,0,0,0,0,0,0,0,0,0
20.8542713567839,4.02884077796314,3.87664075811962,4.10323023871814,5.02853994172992,5.0077244563416,5.01941166834009,7.54003823906239,7.45217125302264,7.58468626060723,5.00667057265499,5,6.79805335361211,6.57272605379647,6.91129896550037,8.61952517354658,8.64489439648754,8.63638247018623,5.39281355916676,5.27700455705445,5.44902437624565,8.63558570408274,8.66,0,0,0,0,0,0,0,0,0,0,0,0,0,0,0,0,0,0,0,0,0,0
21.105527638191,4.05207982348077,3.90045570701263,4.12616072352197,4.99958156177671,4.98484559624779,4.98750387559252,7.50919532628001,7.42267934040846,7.55317645651816,4.99342618029039,5,6.84260821329418,6.616975765288,6.95601341086785,8.6605934214803,8.68963527844876,8.6752036180291,5.43248601168685,5.31769135894667,5.48816924824861,8.68406018013718,8.66,0,0,0,0,0,0,0,0,0,0,0,0,0,0,0,0,0,0,0,0,0,0
21.356783919598,4.0753188689984,3.92427065590564,4.1490912083258,5.02853994172992,5.0077244563416,5.01941166834008,7.47835241349763,7.39318742779427,7.52166665242909,5.00667057265499,5,6.88716307297626,6.66122547677952,7.00072785623532,8.61952517354658,8.64489439648754,8.63638247018623,5.47215846420693,5.35837816083889,5.52731412025157,8.63558570408274,8.66,0,0,0,0,0,0,0,0,0,0,0,0,0,0,0,0,0,0,0,0,0,0
21.608040201005,4.09855791451603,3.94808560479865,4.17202169312964,4.99958156177671,4.98484559624779,4.98750387559252,7.44750950071525,7.36369551518009,7.49015684834002,4.99342618029039,5,6.93171793265833,6.70547518827104,7.0454423016028,8.6605934214803,8.68963527844876,8.6752036180291,5.51183091672701,5.39906496273111,5.56645899225453,8.68406018013718,8.66,0,0,0,0,0,0,0,0,0,0,0,0,0,0,0,0,0,0,0,0,0,0
21.8592964824121,4.12179696003366,3.97190055369165,4.19495217793347,5.02853994172992,5.0077244563416,5.01941166834009,7.41666658793287,7.3342036025659,7.45864704425095,5.00667057265499,5,6.97627279234041,6.74972489976257,7.09015674697027,8.61952517354658,8.64489439648754,8.63638247018623,5.55150336924709,5.43975176462333,5.60560386425749,8.63558570408274,8.66,0,0,0,0,0,0,0,0,0,0,0,0,0,0,0,0,0,0,0,0,0,0
22.1105527638191,4.14503600555128,3.99571550258466,4.2178826627373,4.99958156177671,4.98484559624779,4.98750387559252,7.38582367515049,7.30471168995172,7.42713724016188,4.99342618029039,5,7.02082765202248,6.79397461125409,7.13487119233775,8.6605934214803,8.68963527844876,8.6752036180291,5.59117582176717,5.48043856651555,5.64474873626045,8.68406018013718,8.66,0,0,0,0,0,0,0,0,0,0,0,0,0,0,0,0,0,0,0,0,0,0
22.3618090452261,4.16827505106891,4.01953045147767,4.24081314754114,5.02853994172992,5.0077244563416,5.01941166834008,7.3549807623681,7.27521977733753,7.39562743607281,5.00667057265499,5,7.06538251170455,6.83822432274561,7.17958563770522,8.61952517354658,8.64489439648754,8.63638247018623,5.63084827428725,5.52112536840778,5.68389360826341,8.63558570408274,8.66,0,0,0,0,0,0,0,0,0,0,0,0,0,0,0,0,0,0,0,0,0,0
22.6130653266332,4.19151409658654,4.04334540037068,4.26374363234497,4.99958156177671,4.98484559624779,4.98750387559252,7.32413784958572,7.24572786472335,7.36411763198374,4.99342618029039,5,7.10993737138663,6.88247403423714,7.22430008307269,8.6605934214803,8.68963527844876,8.6752036180291,5.67052072680733,5.5618121703,5.72303848026637,8.68406018013718,8.66,0,0,0,0,0,0,0,0,0,0,0,0,0,0,0,0,0,0,0,0,0,0
22.8643216080402,4.21475314210417,4.06716034926368,4.2866741171488,5.02853994172992,5.0077244563416,5.01941166834009,7.29329493680334,7.21623595210917,7.33260782789467,5.00667057265499,5,7.1544922310687,6.92672374572866,7.26901452844017,8.61952517354658,8.64489439648754,8.63638247018623,5.71019317932742,5.60249897219222,5.76218335226933,8.63558570408274,8.66,0,0,0,0,0,0,0,0,0,0,0,0,0,0,0,0,0,0,0,0,0,0
23.1155778894472,4.2379921876218,4.09097529815669,4.30960460195264,4.99958156177671,4.98484559624779,4.98750387559252,7.26245202402096,7.18674403949498,7.3010980238056,4.99342618029039,5,7.19904709075077,6.97097345722018,7.31372897380764,8.6605934214803,8.68963527844876,8.6752036180291,5.7498656318475,5.64318577408444,5.80132822427229,8.68406018013718,8.66,0,0,0,0,0,0,0,0,0,0,0,0,0,0,0,0,0,0,0,0,0,0
23.3668341708543,4.26123123313943,4.1147902470497,4.33253508675647,5.02853994172992,5.0077244563416,5.01941166834008,7.23160911123858,7.1572521268808,7.26958821971653,5.00667057265499,5,7.24360195043285,7.01522316871171,7.35844341917512,8.61952517354658,8.64489439648754,8.63638247018623,5.78953808436758,5.68387257597667,5.84047309627525,8.63558570408274,8.66,0,0,0,0,0,0,0,0,0,0,0,0,0,0,0,0,0,0,0,0,0,0
23.6180904522613,4.28447027865705,4.13860519594271,4.3554655715603,4.99958156177671,4.98484559624779,4.98750387559252,7.2007661984562,7.12776021426661,7.23807841562746,4.99342618029039,5,7.28815681011492,7.05947288020323,7.40315786454259,8.6605934214803,8.68963527844876,8.6752036180291,5.82921053688766,5.72455937786889,5.87961796827821,8.68406018013718,8.66,0,0,0,0,0,0,0,0,0,0,0,0,0,0,0,0,0,0,0,0,0,0
23.8693467336683,4.30770932417468,4.16242014483571,4.37839605636414,5.02853994172992,5.0077244563416,5.01941166834009,7.16992328567382,7.09826830165243,7.20656861153839,5.00667057265499,5,7.332711669797,7.10372259169475,7.44787230991007,8.61952517354658,8.64489439648754,8.63638247018623,5.86888298940774,5.76524617976111,5.91876284028117,8.63558570408274,8.66,0,0,0,0,0,0,0,0,0,0,0,0,0,0,0,0,0,0,0,0,0,0
24.1206030150754,4.33094836969231,4.18623509372872,4.40132654116797,4.99958156177671,4.98484559624779,4.98750387559252,7.13908037289144,7.06877638903824,7.17505880744932,4.99342618029039,5,7.37726652947907,7.14797230318628,7.49258675527754,8.6605934214803,8.68963527844876,8.6752036180291,5.90855544192782,5.80593298165333,5.95790771228413,8.68406018013718,8.66,0,0,0,0,0,0,0,0,0,0,0,0,0,0,0,0,0,0,0,0,0,0
24.3718592964824,4.35418741520994,4.21005004262173,4.4242570259718,5.02853994172992,5.0077244563416,5.01941166834008,7.10823746010906,7.03928447642406,7.14354900336025,5.00667057265499,5,7.42182138916114,7.1922220146778,7.53730120064501,8.61952517354658,8.64489439648754,8.63638247018623,5.9482278944479,5.84661978354555,5.99705258428709,8.63558570408274,8.66,0,0,0,0,0,0,0,0,0,0,0,0,0,0,0,0,0,0,0,0,0,0
24.6231155778894,4.37742646072757,4.23386499151474,4.44718751077564,4.99958156177671,4.98484559624779,4.98750387559252,7.07739454732668,7.00979256380987,7.11203919927118,4.99342618029039,5,7.46637624884321,7.23647172616932,7.58201564601249,8.6605934214803,8.68963527844876,8.6752036180291,5.98790034696798,5.88730658543778,6.03619745629005,8.68406018013718,8.66,0,0,0,0,0,0,0,0,0,0,0,0,0,0,0,0,0,0,0,0,0,0
24.8743718592965,4.40066550624519,4.25767994040774,4.47011799557947,5.02853994172992,5.0077244563416,5.01941166834009,7.0465516345443,6.98030065119569,7.08052939518211,5.00667057265499,5,7.51093110852529,7.28072143766085,7.62673009137996,8.61952517354658,8.64489439648754,8.63638247018623,6.02757279948807,5.92799338733,6.07534232829301,8.63558570408274,8.66,0,0,0,0,0,0,0,0,0,0,0,0,0,0,0,0,0,0,0,0,0,0
25.1256281407035,4.42390455176282,4.28149488930075,4.4930484803833,4.99958156177671,4.98484559624779,4.98750387559252,7.01570872176192,6.95080873858151,7.04901959109304,4.99342618029039,5,7.55548596820736,7.32497114915237,7.67144453674744,8.6605934214803,8.68963527844876,8.6752036180291,6.06724525200815,5.96868018922222,6.11448720029597,8.68406018013718,8.66,0,0,0,0,0,0,0,0,0,0,0,0,0,0,0,0,0,0,0,0,0,0
25.3768844221106,4.44714359728045,4.30530983819376,4.51597896518714,5.02853994172992,5.0077244563416,5.01941166834008,6.98486580897954,6.92131682596732,7.01750978700397,5.00667057265499,5,7.60004082788943,7.36922086064389,7.71615898211491,8.61952517354658,8.64489439648754,8.63638247018623,6.10691770452823,6.00936699111444,6.15363207229893,8.63558570408274,8.66,0,0,0,0,0,0,0,0,0,0,0,0,0,0,0,0,0,0,0,0,0,0
25.6281407035176,4.47038264279808,4.32912478708677,4.53890944999097,4.99958156177671,4.98484559624779,4.98750387559252,6.95402289619716,6.89182491335314,6.9859999829149,4.99342618029039,5,7.64459568757151,7.41347057213542,7.76087342748239,8.6605934214803,8.68963527844876,8.6752036180291,6.14659015704831,6.05005379300666,6.19277694430189,8.68406018013718,8.66,0,0,0,0,0,0,0,0,0,0,0,0,0,0,0,0,0,0,0,0,0,0
25.8793969849246,4.49362168831571,4.35293973597977,4.5618399347948,5.02853994172992,5.0077244563416,5.01941166834009,6.92317998341478,6.86233300073895,6.95449017882583,5.00667057265499,5,7.68915054725358,7.45772028362694,7.80558787284986,8.61952517354658,8.64489439648754,8.63638247018623,6.18626260956839,6.09074059489889,6.23192181630485,8.63558570408274,8.66,0,0,0,0,0,0,0,0,0,0,0,0,0,0,0,0,0,0,0,0,0,0
26.1306532663317,4.51686073383333,4.37675468487278,4.58477041959864,4.99958156177671,4.98484559624779,4.98750387559252,6.8923370706324,6.83284108812477,6.92298037473676,4.99342618029039,5,7.73370540693565,7.50196999511846,7.85030231821734,8.6605934214803,8.68963527844876,8.6752036180291,6.22593506208847,6.13142739679111,6.27106668830781,8.68406018013718,8.66,0,0,0,0,0,0,0,0,0,0,0,0,0,0,0,0,0,0,0,0,0,0
26.3819095477387,4.54009977935096,4.40056963376579,4.60770090440247,5.02853994172992,5.0077244563416,5.01941166834008,6.86149415785002,6.80334917551058,6.89147057064769,5.00667057265499,5,7.77826026661772,7.54621970660999,7.89501676358481,8.61952517354658,8.64489439648754,8.63638247018623,6.26560751460856,6.17211419868333,6.31021156031077,8.63558570408274,8.66,0,0,0,0,0,0,0,0,0,0,0,0,0,0,0,0,0,0,0,0,0,0
26.6331658291457,4.56333882486859,4.4243845826588,4.6306313892063,4.99958156177671,4.98484559624779,4.98750387559252,6.83065124506764,6.7738572628964,6.85996076655862,4.99342618029039,5,7.8228151262998,7.59046941810151,7.93973120895228,8.6605934214803,8.68963527844876,8.6752036180291,6.30527996712864,6.21280100057555,6.34935643231373,8.68406018013718,8.66,0,0,0,0,0,0,0,0,0,0,0,0,0,0,0,0,0,0,0,0,0,0
26.8844221105528,4.58657787038622,4.4481995315518,4.65356187401014,5.02853994172992,5.0077244563416,5.01941166834009,6.79980833228526,6.74436535028221,6.82845096246955,5.00667057265499,5,7.86736998598187,7.63471912959303,7.98444565431976,8.61952517354658,8.64489439648754,8.63638247018623,6.34495241964872,6.25348780246778,6.38850130431669,8.63558570408274,8.66,0,0,0,0,0,0,0,0,0,0,0,0,0,0,0,0,0,0,0,0,0,0
27.1356783919598,4.60981691590385,4.47201448044481,4.67649235881397,4.99958156177671,4.98484559624779,4.98750387559252,6.76896541950288,6.71487343766803,6.79694115838049,4.99342618029039,5,7.91192484566394,7.67896884108456,8.02916009968723,8.6605934214803,8.68963527844876,8.6752036180291,6.3846248721688,6.29417460436,6.42764617631965,8.68406018013718,8.66,0,0,0,0,0,0,0,0,0,0,0,0,0,0,0,0,0,0,0,0,0,0
27.3869346733668,4.63305596142148,4.49582942933782,4.6994228436178,5.02853994172992,5.0077244563416,5.01941166834008,6.7381225067205,6.68538152505385,6.76543135429142,5.00667057265499,5,7.95647970534602,7.72321855257608,8.07387454505471,8.61952517354658,8.64489439648754,8.63638247018623,6.42429732468888,6.33486140625222,6.46679104832261,8.63558570408274,8.66,0,0,0,0,0,0,0,0,0,0,0,0,0,0,0,0,0,0,0,0,0,0
27.6381909547739,4.65629500693911,4.51964437823083,4.72235332842163,4.99958156177671,4.98484559624779,4.98750387559252,6.70727959393812,6.65588961243966,6.73392155020235,4.99342618029039,5,8.00103456502809,7.7674682640676,8.11858899042218,8.6605934214803,8.68963527844876,8.6752036180291,6.46396977720897,6.37554820814444,6.50593592032557,8.68406018013718,8.66,0,0,0,0,0,0,0,0,0,0,0,0,0,0,0,0,0,0,0,0,0,0
27.8894472361809,4.67953405245673,4.54345932712383,4.74528381322547,5.02853994172992,5.0077244563416,5.01941166834009,6.67643668115574,6.62639769982548,6.70241174611328,5.00667057265499,5,8.04558942471016,7.81171797555913,8.16330343578965,8.61952517354658,8.64489439648754,8.63638247018623,6.50364222972905,6.41623501003666,6.54508079232853,8.63558570408274,8.66,0,0,0,0,0,0,0,0,0,0,0,0,0,0,0,0,0,0,0,0,0,0
28.1407035175879,4.70277309797436,4.56727427601684,4.7682142980293,4.99958156177671,4.98484559624779,4.98750387559252,6.64559376837336,6.59690578721129,6.67090194202421,4.99342618029039,5,8.09014428439223,7.85596768705065,8.20801788115713,8.6605934214803,8.68963527844876,8.6752036180291,6.54331468224913,6.45692181192889,6.58422566433149,8.68406018013718,8.66,0,0,0,0,0,0,0,0,0,0,0,0,0,0,0,0,0,0,0,0,0,0
28.391959798995,4.72601214349199,4.59108922490985,4.79114478283313,5.02853994172992,5.0077244563416,5.01941166834008,6.61475085559098,6.56741387459711,6.63939213793514,5.00667057265499,5,8.13469914407431,7.90021739854217,8.2527323265246,8.61952517354658,8.64489439648754,8.63638247018623,6.58298713476921,6.49760861382111,6.62337053633445,8.63558570408274,8.66,0,0,0,0,0,0,0,0,0,0,0,0,0,0,0,0,0,0,0,0,0,0
28.643216080402,4.74925118900962,4.61490417380286,4.81407526763696,4.99958156177671,4.98484559624779,4.98750387559252,6.5839079428086,6.53792196198292,6.60788233384607,4.99342618029039,5,8.17925400375638,7.9444671100337,8.29744677189207,8.6605934214803,8.68963527844876,8.6752036180291,6.62265958728929,6.53829541571333,6.66251540833741,8.68406018013718,8.66,0,0,0,0,0,0,0,0,0,0,0,0,0,0,0,0,0,0,0,0,0,0
28.894472361809,4.77249023452725,4.63871912269586,4.83700575244079,5.02853994172992,5.0077244563416,5.01941166834009,6.55306503002622,6.50843004936874,6.576372529757,5.00667057265499,5,8.22380886343845,7.98871682152522,8.34216121725955,8.61952517354658,8.64489439648754,8.63638247018623,6.66233203980938,6.57898221760555,6.70166028034037,8.63558570408274,8.66,0,0,0,0,0,0,0,0,0,0,0,0,0,0,0,0,0,0,0,0,0,0
29.1457286432161,4.79572928004487,4.66253407158887,4.85993623724463,4.99958156177671,4.98484559624779,4.98750387559252,6.52222211724384,6.47893813675456,6.54486272566793,4.99342618029039,5,8.26836372312053,8.03296653301675,8.38687566262702,8.6605934214803,8.68963527844876,8.6752036180291,6.70200449232946,6.61966901949777,6.74080515234333,8.68406018013718,8.66,0,0,0,0,0,0,0,0,0,0,0,0,0,0,0,0,0,0,0,0,0,0
29.3969849246231,4.8189683255625,4.68634902048188,4.88286672204846,5.02853994172992,5.0077244563416,5.01941166834008,6.49137920446146,6.44944622414037,6.51335292157886,5.00667057265499,5,8.3129185828026,8.07721624450827,8.43159010799449,8.61952517354658,8.64489439648754,8.63638247018623,6.74167694484954,6.66035582139,6.77995002434629,8.63558570408274,8.66,0,0,0,0,0,0,0,0,0,0,0,0,0,0,0,0,0,0,0,0,0,0
29.6482412060301,4.84220737108013,4.71016396937489,4.90579720685229,4.99958156177671,4.98484559624779,4.98750387559252,6.46053629167908,6.41995431152619,6.48184311748979,4.99342618029039,5,8.35747344248467,8.12146595599979,8.47630455336197,8.6605934214803,8.68963527844876,8.6752036180291,6.78134939736962,6.70104262328222,6.81909489634925,8.68406018013718,8.66,0,0,0,0,0,0,0,0,0,0,0,0,0,0,0,0,0,0,0,0,0,0
29.8994974874372,4.86544641659776,4.73397891826789,4.92872769165612,5.02853994172992,5.0077244563416,5.01941166834009,6.4296933788967,6.390462398912,6.45033331340072,5.00667057265499,5,8.40202830216674,8.16571566749132,8.52101899872944,8.61952517354658,8.64489439648754,8.63638247018623,6.8210218498897,6.74172942517444,6.85823976835221,8.63558570408274,8.66,0,0,0,0,0,0,0,0,0,0,0,0,0,0,0,0,0,0,0,0,0,0
30.1507537688442,4.88868546211539,4.7577938671609,4.95165817645996,4.99958156177671,4.98484559624779,4.98750387559252,6.39885046611432,6.36097048629782,6.41882350931165,4.99342618029039,5,8.44658316184882,8.20996537898284,8.56573344409692,8.6605934214803,8.68963527844876,8.6752036180291,6.86069430240978,6.78241622706666,6.89738464035517,8.68406018013718,8.66,0,0,0,0,0,0,0,0,0,0,0,0,0,0,0,0,0,0,0,0,0,0
30.4020100502513,4.91192450763302,4.78160881605391,4.97458866126379,5.02853994172992,5.0077244563416,5.01941166834008,6.36800755333194,6.33147857368363,6.38731370522258,5.00667057265499,5,8.49113802153089,8.25421509047437,8.61044788946439,8.61952517354658,8.64489439648754,8.63638247018623,6.90036675492987,6.82310302895889,6.93652951235813,8.63558570408274,8.66,0,0,0,0,0,0,0,0,0,0,0,0,0,0,0,0,0,0,0,0,0,0
30.6532663316583,4.93516355315065,4.80542376494692,4.99751914606762,4.99958156177671,4.98484559624779,4.98750387559252,6.33716464054956,6.30198666106945,6.35580390113351,4.99342618029039,5,8.53569288121296,8.29846480196589,8.65516233483186,8.6605934214803,8.68963527844876,8.6752036180291,6.94003920744995,6.86378983085111,6.97567438436109,8.68406018013718,8.66,0,0,0,0,0,0,0,0,0,0,0,0,0,0,0,0,0,0,0,0,0,0
30.9045226130653,4.95840259866827,4.82923871383992,5.02044963087145,5.02853994172992,5.0077244563416,5.01941166834009,6.30632172776718,6.27249474845526,6.32429409704444,5.00667057265499,5,8.58024774089504,8.34271451345741,8.69987678019934,8.61952517354658,8.64489439648754,8.63638247018623,6.97971165997003,6.90447663274333,7.01481925636405,8.63558570408274,8.66,0,0,0,0,0,0,0,0,0,0,0,0,0,0,0,0,0,0,0,0,0,0
31.1557788944724,4.9816416441859,4.85305366273293,4.99751914606762,4.99958156177671,4.98484559624779,4.98750387559252,6.2754788149848,6.24300283584108,6.29278429295537,4.99342618029039,5,8.62480260057711,8.38696422494894,8.65516233483186,8.6605934214803,8.68963527844876,8.6752036180291,7.01938411249011,6.94516343463555,7.05396412836701,8.68406018013718,8.66,0,0,0,0,0,0,0,0,0,0,0,0,0,0,0,0,0,0,0,0,0,0
31.4070351758794,5.00488068970353,4.87686861162594,5.02044963087145,5.02853994172992,5.0077244563416,5.01941166834008,6.24463590220242,6.2135109232269,6.2612744888663,5.00667057265499,5,8.66935746025918,8.43121393644046,8.69987678019934,8.61952517354658,8.64489439648754,8.63638247018623,7.05905656501019,6.98585023652777,7.09310900036997,8.63558570408274,8.66,0,0,0,0,0,0,0,0,0,0,0,0,0,0,0,0,0,0,0,0,0,0
31.6582914572864,4.9816416441859,4.90068356051895,4.99751914606762,4.99958156177671,4.98484559624779,4.98750387559252,6.21379298942004,6.18401901061271,6.22976468477723,4.99342618029039,5,8.62480260057711,8.47546364793199,8.65516233483186,8.6605934214803,8.68963527844876,8.6752036180291,7.09872901753028,7.02653703842,7.13225387237292,8.68406018013718,8.66,0,0,0,0,0,0,0,0,0,0,0,0,0,0,0,0,0,0,0,0,0,0
31.9095477386935,5.00488068970353,4.92449850941196,5.02044963087145,5.02853994172992,5.0077244563416,5.01941166834009,6.18295007663766,6.15452709799853,6.19825488068816,5.00667057265499,5,8.66935746025918,8.51971335942351,8.69987678019934,8.61952517354658,8.64489439648754,8.63638247018623,7.13840147005036,7.06722384031222,7.17139874437588,8.63558570408274,8.66,0,0,0,0,0,0,0,0,0,0,0,0,0,0,0,0,0,0,0,0,0,0
32.1608040201005,4.9816416441859,4.94831345830497,4.99751914606762,4.99958156177671,4.98484559624779,4.98750387559252,6.15210716385528,6.12503518538434,6.16674507659909,4.99342618029039,5,8.62480260057711,8.56396307091503,8.65516233483186,8.6605934214803,8.68963527844876,8.6752036180291,7.17807392257044,7.10791064220444,7.21054361637884,8.68406018013718,8.66,0,0,0,0,0,0,0,0,0,0,0,0,0,0,0,0,0,0,0,0,0,0
32.4120603015075,5.00488068970353,4.97212840719797,5.02044963087145,5.02853994172992,5.0077244563416,5.01941166834008,6.1212642510729,6.09554327277016,6.13523527251002,5.00667057265499,5,8.66935746025918,8.60821278240656,8.69987678019934,8.61952517354658,8.64489439648754,8.63638247018623,7.21774637509052,7.14859744409666,7.2496884883818,8.63558570408274,8.66,0,0,0,0,0,0,0,0,0,0,0,0,0,0,0,0,0,0,0,0,0,0
32.6633165829146,4.9816416441859,4.99594335609098,4.99751914606762,4.99958156177671,4.98484559624779,4.98750387559252,6.09042133829052,6.06605136015597,6.10372546842095,4.99342618029039,5,8.62480260057711,8.65246249389808,8.65516233483186,8.6605934214803,8.68963527844876,8.6752036180291,7.2574188276106,7.18928424598889,7.28883336038476,8.68406018013718,8.66,0,0,0,0,0,0,0,0,0,0,0,0,0,0,0,0,0,0,0,0,0,0
32.9145728643216,5.00488068970353,5.01975830498399,5.02044963087145,5.02853994172992,5.0077244563416,5.01941166834009,6.05957842550814,6.03655944754179,6.07221566433188,5.00667057265499,5,8.66935746025918,8.69671220538961,8.69987678019934,8.61952517354658,8.64489439648754,8.63638247018623,7.29709128013068,7.22997104788111,7.32797823238772,8.63558570408274,8.66,0,0,0,0,0,0,0,0,0,0,0,0,0,0,0,0,0,0,0,0,0,0
33.1658291457286,4.9816416441859,4.99594335609098,4.99751914606762,4.99958156177671,4.98484559624779,4.98750387559252,6.02873551272576,6.00706753492761,6.04070586024281,4.99342618029039,5,8.62480260057711,8.65246249389808,8.65516233483186,8.6605934214803,8.68963527844876,8.6752036180291,7.33676373265077,7.27065784977333,7.36712310439068,8.68406018013718,8.66,0,0,0,0,0,0,0,0,0,0,0,0,0,0,0,0,0,0,0,0,0,0
33.4170854271357,5.00488068970353,5.01975830498399,5.02044963087145,5.02853994172992,5.0077244563416,5.01941166834008,5.99789259994338,5.97757562231342,6.00919605615374,5.00667057265499,5,8.66935746025918,8.69671220538961,8.69987678019934,8.61952517354658,8.64489439648754,8.63638247018623,7.37643618517085,7.31134465166555,7.40626797639364,8.63558570408274,8.66,0,0,0,0,0,0,0,0,0,0,0,0,0,0,0,0,0,0,0,0,0,0
33.6683417085427,4.9816416441859,4.99594335609098,4.99751914606762,4.99958156177671,4.98484559624779,4.98750387559252,5.967049687161,5.94808370969924,5.97768625206467,4.99342618029039,5,8.62480260057711,8.65246249389808,8.65516233483186,8.6605934214803,8.68963527844876,8.6752036180291,7.41610863769093,7.35203145355777,7.4454128483966,8.68406018013718,8.66,0,0,0,0,0,0,0,0,0,0,0,0,0,0,0,0,0,0,0,0,0,0
33.9195979899498,5.00488068970353,5.01975830498399,5.02044963087145,5.02853994172992,5.0077244563416,5.01941166834009,5.93620677437862,5.91859179708505,5.9461764479756,5.00667057265499,5,8.66935746025918,8.69671220538961,8.69987678019934,8.61952517354658,8.64489439648754,8.63638247018623,7.45578109021101,7.39271825545,7.48455772039956,8.63558570408274,8.66,0,0,0,0,0,0,0,0,0,0,0,0,0,0,0,0,0,0,0,0,0,0
34.1708542713568,4.9816416441859,4.99594335609098,4.99751914606762,4.99958156177671,4.98484559624779,4.98750387559252,5.90536386159624,5.88909988447087,5.91466664388653,4.99342618029039,5,8.62480260057711,8.65246249389808,8.65516233483186,8.6605934214803,8.68963527844876,8.6752036180291,7.49545354273109,7.43340505734222,7.52370259240252,8.68406018013718,8.66,0,0,0,0,0,0,0,0,0,0,0,0,0,0,0,0,0,0,0,0,0,0
34.4221105527638,5.00488068970353,5.01975830498399,5.02044963087145,5.02853994172992,5.0077244563416,5.01941166834008,5.87452094881386,5.85960797185668,5.88315683979746,5.00667057265499,5,8.66935746025918,8.69671220538961,8.69987678019934,8.61952517354658,8.64489439648754,8.63638247018623,7.53512599525118,7.47409185923444,7.56284746440548,8.63558570408274,8.66,0,0,0,0,0,0,0,0,0,0,0,0,0,0,0,0,0,0,0,0,0,0
34.6733668341709,4.9816416441859,4.99594335609098,4.99751914606762,4.99958156177671,4.98484559624779,4.98750387559252,5.84367803603148,5.8301160592425,5.85164703570839,4.99342618029039,5,8.62480260057711,8.65246249389808,8.65516233483186,8.6605934214803,8.68963527844876,8.6752036180291,7.57479844777126,7.51477866112666,7.60199233640844,8.68406018013718,8.66,0,0,0,0,0,0,0,0,0,0,0,0,0,0,0,0,0,0,0,0,0,0
34.9246231155779,5.00488068970353,5.01975830498399,5.02044963087145,5.02853994172992,5.0077244563416,5.01941166834009,5.8128351232491,5.80062414662831,5.82013723161932,5.00667057265499,5,8.66935746025918,8.69671220538961,8.69987678019934,8.61952517354658,8.64489439648754,8.63638247018623,7.61447090029134,7.55546546301888,7.64113720841139,8.63558570408274,8.66,0,0,0,0,0,0,0,0,0,0,0,0,0,0,0,0,0,0,0,0,0,0
35.1758793969849,4.9816416441859,4.99594335609098,4.99751914606762,4.99958156177671,4.98484559624779,4.98750387559252,5.78199221046672,5.77113223401413,5.78862742753025,4.99342618029039,5,8.62480260057711,8.65246249389808,8.65516233483186,8.6605934214803,8.68963527844876,8.6752036180291,7.65414335281142,7.59615226491111,7.68028208041435,8.68406018013718,8.66,0,0,0,0,0,0,0,0,0,0,0,0,0,0,0,0,0,0,0,0,0,0
35.427135678392,5.00488068970353,5.01975830498399,5.02044963087145,5.02853994172992,5.0077244563416,5.01941166834008,5.75114929768434,5.74164032139995,5.75711762344118,5.00667057265499,5,8.66935746025918,8.69671220538961,8.69987678019934,8.61952517354658,8.64489439648754,8.63638247018623,7.6938158053315,7.63683906680333,7.71942695241731,8.63558570408274,8.66,0,0,0,0,0,0,0,0,0,0,0,0,0,0,0,0,0,0,0,0,0,0
35.678391959799,4.9816416441859,4.99594335609098,4.99751914606762,4.99958156177671,4.98484559624779,4.98750387559252,5.72030638490196,5.71214840878576,5.72560781935211,4.99342618029039,5,8.62480260057711,8.65246249389808,8.65516233483186,8.6605934214803,8.68963527844876,8.6752036180291,7.73348825785158,7.67752586869555,7.75857182442027,8.68406018013718,8.66,0,0,0,0,0,0,0,0,0,0,0,0,0,0,0,0,0,0,0,0,0,0
35.929648241206,5.00488068970353,5.01975830498399,5.02044963087145,5.02853994172992,5.0077244563416,5.01941166834009,5.68946347211958,5.68265649617158,5.69409801526304,5.00667057265499,5,8.66935746025918,8.69671220538961,8.69987678019934,8.61952517354658,8.64489439648754,8.63638247018623,7.77316071037167,7.71821267058777,7.79771669642323,8.63558570408274,8.66,0,0,0,0,0,0,0,0,0,0,0,0,0,0,0,0,0,0,0,0,0,0
36.1809045226131,4.9816416441859,4.99594335609098,4.99751914606762,4.99958156177671,4.98484559624779,4.98750387559252,5.6586205593372,5.65316458355739,5.66258821117397,4.99342618029039,5,8.62480260057711,8.65246249389808,8.65516233483186,8.6605934214803,8.68963527844876,8.6752036180291,7.81283316289175,7.75889947248,7.83686156842619,8.68406018013718,8.66,0,0,0,0,0,0,0,0,0,0,0,0,0,0,0,0,0,0,0,0,0,0
36.4321608040201,5.00488068970353,5.01975830498399,5.02044963087145,5.02853994172992,5.0077244563416,5.01941166834008,5.62777764655482,5.62367267094321,5.6310784070849,5.00667057265499,5,8.66935746025918,8.69671220538961,8.69987678019934,8.61952517354658,8.64489439648754,8.63638247018623,7.85250561541183,7.79958627437222,7.87600644042915,8.63558570408274,8.66,0,0,0,0,0,0,0,0,0,0,0,0,0,0,0,0,0,0,0,0,0,0
36.6834170854271,4.9816416441859,4.99594335609098,4.99751914606762,4.99958156177671,4.98484559624779,4.98750387559252,5.59693473377244,5.59418075832902,5.59956860299583,4.99342618029039,5,8.62480260057711,8.65246249389808,8.65516233483186,8.6605934214803,8.68963527844876,8.6752036180291,7.89217806793191,7.84027307626444,7.91515131243211,8.68406018013718,8.66,0,0,0,0,0,0,0,0,0,0,0,0,0,0,0,0,0,0,0,0,0,0
36.9346733668342,5.00488068970353,5.01975830498399,5.02044963087145,5.02853994172992,5.0077244563416,5.01941166834009,5.56609182099006,5.56468884571484,5.56805879890676,5.00667057265499,5,8.66935746025918,8.69671220538961,8.69987678019934,8.61952517354658,8.64489439648754,8.63638247018623,7.93185052045199,7.88095987815666,7.95429618443507,8.63558570408274,8.66,0,0,0,0,0,0,0,0,0,0,0,0,0,0,0,0,0,0,0,0,0,0
37.1859296482412,4.9816416441859,4.99594335609098,4.99751914606762,4.99958156177671,4.98484559624779,4.98750387559252,5.53524890820768,5.53519693310066,5.53654899481769,4.99342618029039,5,8.62480260057711,8.65246249389808,8.65516233483186,8.6605934214803,8.68963527844876,8.6752036180291,7.97152297297208,7.92164668004888,7.99344105643803,8.68406018013718,8.66,0,0,0,0,0,0,0,0,0,0,0,0,0,0,0,0,0,0,0,0,0,0
37.4371859296482,5.00488068970353,5.01975830498399,5.02044963087145,5.02853994172992,5.0077244563416,5.01941166834008,5.5044059954253,5.50570502048647,5.50503919072862,5.00667057265499,5,8.66935746025918,8.69671220538961,8.69987678019934,8.61952517354658,8.64489439648754,8.63638247018623,8.01119542549216,7.96233348194111,8.03258592844099,8.63558570408274,8.66,0,0,0,0,0,0,0,0,0,0,0,0,0,0,0,0,0,0,0,0,0,0
37.6884422110553,4.9816416441859,4.99594335609098,4.99751914606762,4.99958156177671,4.98484559624779,4.98750387559252,5.47356308264292,5.47621310787229,5.47352938663955,4.99342618029039,5,8.62480260057711,8.65246249389808,8.65516233483186,8.6605934214803,8.68963527844876,8.6752036180291,8.05086787801224,8.00302028383333,8.07173080044395,8.68406018013718,8.66,0,0,0,0,0,0,0,0,0,0,0,0,0,0,0,0,0,0,0,0,0,0
37.9396984924623,5.00488068970353,5.01975830498399,5.02044963087145,5.02853994172992,5.0077244563416,5.01941166834009,5.44272016986053,5.4467211952581,5.44201958255048,5.00667057265499,5,8.66935746025918,8.69671220538961,8.69987678019934,8.61952517354658,8.64489439648754,8.63638247018623,8.09054033053232,8.04370708572555,8.11087567244691,8.63558570408274,8.66,0,0,0,0,0,0,0,0,0,0,0,0,0,0,0,0,0,0,0,0,0,0
38.1909547738693,4.9816416441859,4.99594335609098,4.99751914606762,4.99958156177671,4.98484559624779,4.98750387559252,5.41187725707815,5.41722928264392,5.41050977846141,4.99342618029039,5,8.62480260057711,8.65246249389808,8.65516233483186,8.6605934214803,8.68963527844876,8.6752036180291,8.1302127830524,8.08439388761777,8.15002054444986,8.68406018013718,8.66,0,0,0,0,0,0,0,0,0,0,0,0,0,0,0,0,0,0,0,0,0,0
38.4422110552764,5.00488068970353,5.01975830498399,5.02044963087145,5.02853994172992,5.0077244563416,5.01941166834008,5.38103434429577,5.38773737002973,5.37899997437234,5.00667057265499,5,8.66935746025918,8.69671220538961,8.69987678019934,8.61952517354658,8.64489439648754,8.63638247018623,8.16988523557248,8.12508068951,8.18916541645282,8.63558570408274,8.66,0,0,0,0,0,0,0,0,0,0,0,0,0,0,0,0,0,0,0,0,0,0
38.6934673366834,4.9816416441859,4.99594335609098,4.99751914606762,4.99958156177671,4.98484559624779,4.98750387559252,5.35019143151339,5.35824545741555,5.34749017028328,4.99342618029039,5,8.62480260057711,8.65246249389808,8.65516233483186,8.6605934214803,8.68963527844876,8.6752036180291,8.20955768809256,8.16576749140222,8.22831028845578,8.68406018013718,8.66,0,0,0,0,0,0,0,0,0,0,0,0,0,0,0,0,0,0,0,0,0,0
38.9447236180904,5.00488068970353,5.01975830498399,5.02044963087145,5.02853994172992,5.0077244563416,5.01941166834009,5.31934851873101,5.32875354480136,5.31598036619421,5.00667057265499,5,8.66935746025918,8.69671220538961,8.69987678019934,8.61952517354658,8.64489439648754,8.63638247018623,8.24923014061265,8.20645429329444,8.26745516045874,8.63558570408274,8.66,0,0,0,0,0,0,0,0,0,0,0,0,0,0,0,0,0,0,0,0,0,0
39.1959798994975,4.9816416441859,4.99594335609098,4.99751914606762,4.99958156177671,4.98484559624779,4.98750387559252,5.28850560594863,5.29926163218718,5.28447056210514,4.99342618029039,5,8.62480260057711,8.65246249389808,8.65516233483186,8.6605934214803,8.68963527844876,8.6752036180291,8.28890259313273,8.24714109518666,8.3066000324617,8.68406018013718,8.66,0,0,0,0,0,0,0,0,0,0,0,0,0,0,0,0,0,0,0,0,0,0
39.4472361809045,5.00488068970353,5.01975830498399,5.02044963087145,5.02853994172992,5.0077244563416,5.01941166834008,5.25766269316625,5.269769719573,5.25296075801607,5.00667057265499,5,8.66935746025918,8.69671220538961,8.69987678019934,8.61952517354658,8.64489439648754,8.63638247018623,8.32857504565281,8.28782789707889,8.34574490446466,8.63558570408274,8.66,0,0,0,0,0,0,0,0,0,0,0,0,0,0,0,0,0,0,0,0,0,0
39.6984924623116,4.9816416441859,4.99594335609098,4.99751914606762,4.99958156177671,4.98484559624779,4.98750387559252,5.22681978038387,5.24027780695881,5.221450953927,4.99342618029039,5,8.62480260057711,8.65246249389808,8.65516233483186,8.6605934214803,8.68963527844876,8.6752036180291,8.36824749817289,8.32851469897111,8.38488977646762,8.68406018013718,8.66,0,0,0,0,0,0,0,0,0,0,0,0,0,0,0,0,0,0,0,0,0,0
39.9497487437186,5.00488068970353,5.01975830498399,5.02044963087145,5.02853994172992,5.0077244563416,5.01941166834009,5.19597686760149,5.21078589434463,5.18994114983793,5.00667057265499,5,8.66935746025918,8.69671220538961,8.69987678019934,8.61952517354658,8.64489439648754,8.63638247018623,8.40791995069297,8.36920150086333,8.42403464847058,8.63558570408274,8.66,0,0,0,0,0,0,0,0,0,0,0,0,0,0,0,0,0,0,0,0,0,0
40.2010050251256,4.9816416441859,4.99594335609098,4.99751914606762,4.99958156177671,4.98484559624779,4.98750387559252,5.16513395481911,5.18129398173044,5.15843134574886,4.99342618029039,5,8.62480260057711,8.65246249389808,8.65516233483186,8.6605934214803,8.68963527844876,8.6752036180291,8.44759240321305,8.40988830275556,8.46317952047354,8.68406018013718,8.66,0,0,0,0,0,0,0,0,0,0,0,0,0,0,0,0,0,0,0,0,0,0
40.4522613065327,5.00488068970353,5.01975830498399,5.02044963087145,5.02853994172992,5.0077244563416,5.01941166834008,5.13429104203674,5.15180206911626,5.12692154165979,5.00667057265499,5,8.66935746025918,8.69671220538961,8.69987678019934,8.61952517354658,8.64489439648754,8.63638247018623,8.48726485573313,8.45057510464778,8.5023243924765,8.63558570408274,8.66,0,0,0,0,0,0,0,0,0,0,0,0,0,0,0,0,0,0,0,0,0,0
40.7035175879397,4.9816416441859,4.99594335609098,4.99751914606762,4.99958156177671,4.98484559624779,4.98750387559252,5.10344812925436,5.12231015650207,5.09541173757072,4.99342618029039,5,8.62480260057711,8.65246249389808,8.65516233483186,8.6605934214803,8.68963527844876,8.6752036180291,8.52693730825322,8.49126190654,8.54146926447945,8.68406018013718,8.66,0,0,0,0,0,0,0,0,0,0,0,0,0,0,0,0,0,0,0,0,0,0
40.9547738693467,5.00488068970353,5.01975830498399,5.02044963087145,5.02853994172992,5.0077244563416,5.01941166834009,5.07260521647198,5.09281824388789,5.06390193348165,5.00667057265499,5,8.66935746025918,8.69671220538961,8.69987678019934,8.61952517354658,8.64489439648754,8.63638247018623,8.5666097607733,8.53194870843222,8.58061413648241,8.63558570408274,8.66,0,0,0,0,0,0,0,0,0,0,0,0,0,0,0,0,0,0,0,0,0,0
41.2060301507538,4.9816416441859,4.99594335609098,4.99751914606762,4.99958156177671,4.98484559624779,4.98750387559252,5.0417623036896,5.0633263312737,5.03239212939258,4.99342618029039,5,8.62480260057711,8.65246249389808,8.65516233483186,8.6605934214803,8.68963527844876,8.6752036180291,8.60628221329338,8.57263551032445,8.61975900848537,8.68406018013718,8.66,0,0,0,0,0,0,0,0,0,0,0,0,0,0,0,0,0,0,0,0,0,0
41.4572864321608,5.00488068970353,5.01975830498399,5.02044963087145,5.02853994172992,5.0077244563416,5.01941166834008,5.01091939090722,5.03383441865951,5.00088232530351,5.00667057265499,5,8.66935746025918,8.69671220538961,8.69987678019934,8.61952517354658,8.64489439648754,8.63638247018623,8.64595466581346,8.61332231221667,8.65890388048833,8.63558570408274,8.66,0,0,0,0,0,0,0,0,0,0,0,0,0,0,0,0,0,0,0,0,0,0
41.7085427135678,4.9816416441859,4.99594335609098,4.99751914606762,4.99958156177671,4.98484559624779,4.98750387559252,4.98007647812484,5.00434250604533,4.96937252121445,4.99342618029039,5,8.62480260057711,8.65246249389808,8.65516233483186,8.6605934214803,8.68963527844876,8.6752036180291,8.68562711833354,8.65400911410889,8.6980487524913,8.68406018013718,8.66,0,0,0,0,0,0,0,0,0,0,0,0,0,0,0,0,0,0,0,0,0,0
41.9597989949749,5.00488068970353,5.01975830498399,5.02044963087145,5.02853994172992,5.0077244563416,5.01941166834009,5.01091939090722,4.97485059343114,5.00088232530351,5.00667057265499,5,8.66935746025918,8.69671220538961,8.69987678019934,8.61952517354658,8.64489439648754,8.63638247018623,8.64595466581346,8.69469591600111,8.65890388048833,8.63558570408274,8.66,0,0,0,0,0,0,0,0,0,0,0,0,0,0,0,0,0,0,0,0,0,0
42.2110552763819,4.9816416441859,4.99594335609098,4.99751914606762,4.99958156177671,4.98484559624779,4.98750387559252,4.98007647812484,5.00434250604533,4.96937252121445,4.99342618029039,5,8.62480260057711,8.65246249389808,8.65516233483186,8.6605934214803,8.68963527844876,8.6752036180291,8.68562711833354,8.65400911410889,8.6980487524913,8.68406018013718,8.66,0,0,0,0,0,0,0,0,0,0,0,0,0,0,0,0,0,0,0,0,0,0
42.4623115577889,5.00488068970353,5.01975830498399,5.02044963087145,5.02853994172992,5.0077244563416,5.01941166834008,5.01091939090722,4.97485059343114,5.00088232530351,5.00667057265499,5,8.66935746025918,8.69671220538961,8.69987678019934,8.61952517354658,8.64489439648754,8.63638247018623,8.64595466581346,8.69469591600111,8.65890388048833,8.63558570408274,8.66,0,0,0,0,0,0,0,0,0,0,0,0,0,0,0,0,0,0,0,0,0,0
42.713567839196,4.9816416441859,4.99594335609098,4.99751914606762,4.99958156177671,4.98484559624779,4.98750387559252,4.98007647812484,5.00434250604533,4.96937252121445,4.99342618029039,5,8.62480260057711,8.65246249389808,8.65516233483186,8.6605934214803,8.68963527844876,8.6752036180291,8.68562711833354,8.65400911410889,8.6980487524913,8.68406018013718,8.66,0,0,0,0,0,0,0,0,0,0,0,0,0,0,0,0,0,0,0,0,0,0
42.964824120603,5.00488068970353,5.01975830498399,5.02044963087145,5.02853994172992,5.0077244563416,5.01941166834009,5.01091939090722,4.97485059343114,5.00088232530351,5.00667057265499,5,8.66935746025918,8.69671220538961,8.69987678019934,8.61952517354658,8.64489439648754,8.63638247018623,8.64595466581346,8.69469591600111,8.65890388048833,8.63558570408274,8.66,0,0,0,0,0,0,0,0,0,0,0,0,0,0,0,0,0,0,0,0,0,0
43.21608040201,4.9816416441859,4.99594335609098,4.99751914606762,4.99958156177671,4.98484559624779,4.98750387559252,4.98007647812484,5.00434250604533,4.96937252121445,4.99342618029039,5,8.62480260057711,8.65246249389808,8.65516233483186,8.6605934214803,8.68963527844876,8.6752036180291,8.68562711833354,8.65400911410889,8.6980487524913,8.68406018013718,8.66,0,0,0,0,0,0,0,0,0,0,0,0,0,0,0,0,0,0,0,0,0,0
43.4673366834171,5.00488068970353,5.01975830498399,5.02044963087145,5.02853994172992,5.0077244563416,5.01941166834008,5.01091939090722,4.97485059343114,5.00088232530351,5.00667057265499,5,8.66935746025918,8.69671220538961,8.69987678019934,8.61952517354658,8.64489439648754,8.63638247018623,8.64595466581346,8.69469591600111,8.65890388048833,8.63558570408274,8.66,0,0,0,0,0,0,0,0,0,0,0,0,0,0,0,0,0,0,0,0,0,0
43.7185929648241,4.9816416441859,4.99594335609098,4.99751914606762,4.99958156177671,4.98484559624779,4.98750387559252,4.98007647812484,5.00434250604533,4.96937252121445,4.99342618029039,5,8.62480260057711,8.65246249389808,8.65516233483186,8.6605934214803,8.68963527844876,8.6752036180291,8.68562711833354,8.65400911410889,8.6980487524913,8.68406018013718,8.66,0,0,0,0,0,0,0,0,0,0,0,0,0,0,0,0,0,0,0,0,0,0
43.9698492462312,5.00488068970353,5.01975830498399,5.02044963087145,5.02853994172992,5.0077244563416,5.01941166834009,5.01091939090722,4.97485059343114,5.00088232530351,5.00667057265499,5,8.66935746025918,8.69671220538961,8.69987678019934,8.61952517354658,8.64489439648754,8.63638247018623,8.64595466581346,8.69469591600111,8.65890388048833,8.63558570408274,8.66,0,0,0,0,0,0,0,0,0,0,0,0,0,0,0,0,0,0,0,0,0,0
44.2211055276382,4.9816416441859,4.99594335609098,4.99751914606762,4.99958156177671,4.98484559624779,4.98750387559252,4.98007647812484,5.00434250604533,4.96937252121445,4.99342618029039,5,8.62480260057711,8.65246249389808,8.65516233483186,8.6605934214803,8.68963527844876,8.6752036180291,8.68562711833354,8.65400911410889,8.6980487524913,8.68406018013718,8.66,0,0,0,0,0,0,0,0,0,0,0,0,0,0,0,0,0,0,0,0,0,0
44.4723618090452,5.00488068970353,5.01975830498399,5.02044963087145,5.02853994172992,5.0077244563416,5.01941166834008,5.01091939090722,4.97485059343114,5.00088232530351,5.00667057265499,5,8.66935746025918,8.69671220538961,8.69987678019934,8.61952517354658,8.64489439648754,8.63638247018623,8.64595466581346,8.69469591600111,8.65890388048833,8.63558570408274,8.66,0,0,0,0,0,0,0,0,0,0,0,0,0,0,0,0,0,0,0,0,0,0
44.7236180904523,4.9816416441859,4.99594335609098,4.99751914606762,4.99958156177671,4.98484559624779,4.98750387559252,4.98007647812484,5.00434250604533,4.96937252121445,4.99342618029039,5,8.62480260057711,8.65246249389808,8.65516233483186,8.6605934214803,8.68963527844876,8.6752036180291,8.68562711833354,8.65400911410889,8.6980487524913,8.68406018013718,8.66,0,0,0,0,0,0,0,0,0,0,0,0,0,0,0,0,0,0,0,0,0,0
44.9748743718593,5.00488068970353,5.01975830498399,5.02044963087145,5.02853994172992,5.0077244563416,5.01941166834009,5.01091939090722,4.97485059343114,5.00088232530351,5.00667057265499,5,8.66935746025918,8.69671220538961,8.69987678019934,8.61952517354658,8.64489439648754,8.63638247018623,8.64595466581346,8.69469591600111,8.65890388048833,8.63558570408274,8.66,0,0,0,0,0,0,0,0,0,0,0,0,0,0,0,0,0,0,0,0,0,0
45.2261306532663,4.9816416441859,4.99594335609098,4.99751914606762,4.99958156177671,4.98484559624779,4.98750387559252,4.98007647812484,5.00434250604533,4.96937252121445,4.99342618029039,5,8.62480260057711,8.65246249389808,8.65516233483186,8.6605934214803,8.68963527844876,8.6752036180291,8.68562711833354,8.65400911410889,8.6980487524913,8.68406018013718,8.66,0,0,0,0,0,0,0,0,0,0,0,0,0,0,0,0,0,0,0,0,0,0
45.4773869346734,5.00488068970353,5.01975830498399,5.02044963087145,5.02853994172992,5.0077244563416,5.01941166834008,5.01091939090722,4.97485059343114,5.00088232530351,5.00667057265499,5,8.66935746025918,8.69671220538961,8.69987678019934,8.61952517354658,8.64489439648754,8.63638247018623,8.64595466581346,8.69469591600111,8.65890388048833,8.63558570408274,8.66,0,0,0,0,0,0,0,0,0,0,0,0,0,0,0,0,0,0,0,0,0,0
45.7286432160804,4.9816416441859,4.99594335609098,4.99751914606762,4.99958156177671,4.98484559624779,4.98750387559252,4.98007647812484,5.00434250604533,4.96937252121445,4.99342618029039,5,8.62480260057711,8.65246249389808,8.65516233483186,8.6605934214803,8.68963527844876,8.6752036180291,8.68562711833354,8.65400911410889,8.6980487524913,8.68406018013718,8.66,0,0,0,0,0,0,0,0,0,0,0,0,0,0,0,0,0,0,0,0,0,0
45.9798994974874,5.00488068970353,5.01975830498399,5.02044963087145,5.02853994172992,5.0077244563416,5.01941166834009,5.01091939090722,4.97485059343114,5.00088232530351,5.00667057265499,5,8.66935746025918,8.69671220538961,8.69987678019934,8.61952517354658,8.64489439648754,8.63638247018623,8.64595466581346,8.69469591600111,8.65890388048833,8.63558570408274,8.66,0,0,0,0,0,0,0,0,0,0,0,0,0,0,0,0,0,0,0,0,0,0
46.2311557788945,4.9816416441859,4.99594335609098,4.99751914606762,4.99958156177671,4.98484559624779,4.98750387559252,4.98007647812484,5.00434250604533,4.96937252121445,4.99342618029039,5,8.62480260057711,8.65246249389808,8.65516233483186,8.6605934214803,8.68963527844876,8.6752036180291,8.68562711833354,8.65400911410889,8.6980487524913,8.68406018013718,8.66,0,0,0,0,0,0,0,0,0,0,0,0,0,0,0,0,0,0,0,0,0,0
46.4824120603015,5.00488068970353,5.01975830498399,5.02044963087145,5.02853994172992,5.0077244563416,5.01941166834008,5.01091939090722,4.97485059343114,5.00088232530351,5.00667057265499,5,8.66935746025918,8.69671220538961,8.69987678019934,8.61952517354658,8.64489439648754,8.63638247018623,8.64595466581346,8.69469591600111,8.65890388048833,8.63558570408274,8.66,0,0,0,0,0,0,0,0,0,0,0,0,0,0,0,0,0,0,0,0,0,0
46.7336683417085,4.9816416441859,4.99594335609098,4.99751914606762,4.99958156177671,4.98484559624779,4.98750387559252,4.98007647812484,5.00434250604533,4.96937252121445,4.99342618029039,5,8.62480260057711,8.65246249389808,8.65516233483186,8.6605934214803,8.68963527844876,8.6752036180291,8.68562711833354,8.65400911410889,8.6980487524913,8.68406018013718,8.66,0,0,0,0,0,0,0,0,0,0,0,0,0,0,0,0,0,0,0,0,0,0
46.9849246231156,5.00488068970353,5.01975830498399,5.02044963087145,5.02853994172992,5.0077244563416,5.01941166834009,5.01091939090722,4.97485059343114,5.00088232530351,5.00667057265499,5,8.66935746025918,8.69671220538961,8.69987678019934,8.61952517354658,8.64489439648754,8.63638247018623,8.64595466581346,8.69469591600111,8.65890388048833,8.63558570408274,8.66,0,0,0,0,0,0,0,0,0,0,0,0,0,0,0,0,0,0,0,0,0,0
47.2361809045226,4.9816416441859,4.99594335609098,4.99751914606762,4.99958156177671,4.98484559624779,4.98750387559252,4.98007647812484,5.00434250604533,4.96937252121445,4.99342618029039,5,8.62480260057711,8.65246249389808,8.65516233483186,8.6605934214803,8.68963527844876,8.6752036180291,8.68562711833354,8.65400911410889,8.6980487524913,8.68406018013718,8.66,0,0,0,0,0,0,0,0,0,0,0,0,0,0,0,0,0,0,0,0,0,0
47.4874371859297,5.00488068970353,5.01975830498399,5.02044963087145,5.02853994172992,5.0077244563416,5.01941166834008,5.01091939090722,4.97485059343114,5.00088232530351,5.00667057265499,5,8.66935746025918,8.69671220538961,8.69987678019934,8.61952517354658,8.64489439648754,8.63638247018623,8.64595466581346,8.69469591600111,8.65890388048833,8.63558570408274,8.66,0,0,0,0,0,0,0,0,0,0,0,0,0,0,0,0,0,0,0,0,0,0
47.7386934673367,4.9816416441859,4.99594335609098,4.99751914606762,4.99958156177671,4.98484559624779,4.98750387559252,4.98007647812484,5.00434250604533,4.96937252121445,4.99342618029039,5,8.62480260057711,8.65246249389808,8.65516233483186,8.6605934214803,8.68963527844876,8.6752036180291,8.68562711833354,8.65400911410889,8.6980487524913,8.68406018013718,8.66,0,0,0,0,0,0,0,0,0,0,0,0,0,0,0,0,0,0,0,0,0,0
47.9899497487437,5.00488068970353,5.01975830498399,5.02044963087145,5.02853994172992,5.0077244563416,5.01941166834009,5.01091939090722,4.97485059343114,5.00088232530351,5.00667057265499,5,8.66935746025918,8.69671220538961,8.69987678019934,8.61952517354658,8.64489439648754,8.63638247018623,8.64595466581346,8.69469591600111,8.65890388048833,8.63558570408274,8.66,0,0,0,0,0,0,0,0,0,0,0,0,0,0,0,0,0,0,0,0,0,0
48.2412060301508,4.9816416441859,4.99594335609098,4.99751914606762,4.99958156177671,4.98484559624779,4.98750387559252,4.98007647812484,5.00434250604533,4.96937252121445,4.99342618029039,5,8.62480260057711,8.65246249389808,8.65516233483186,8.6605934214803,8.68963527844876,8.6752036180291,8.68562711833354,8.65400911410889,8.6980487524913,8.68406018013718,8.66,0,0,0,0,0,0,0,0,0,0,0,0,0,0,0,0,0,0,0,0,0,0
48.4924623115578,5.00488068970353,5.01975830498399,5.02044963087145,5.02853994172992,5.0077244563416,5.01941166834008,5.01091939090722,4.97485059343114,5.00088232530351,5.00667057265499,5,8.66935746025918,8.69671220538961,8.69987678019934,8.61952517354658,8.64489439648754,8.63638247018623,8.64595466581346,8.69469591600111,8.65890388048833,8.63558570408274,8.66,0,0,0,0,0,0,0,0,0,0,0,0,0,0,0,0,0,0,0,0,0,0
48.7437185929648,4.9816416441859,4.99594335609098,4.99751914606762,4.99958156177671,4.98484559624779,4.98750387559252,4.98007647812484,5.00434250604533,4.96937252121445,4.99342618029039,5,8.62480260057711,8.65246249389808,8.65516233483186,8.6605934214803,8.68963527844876,8.6752036180291,8.68562711833354,8.65400911410889,8.6980487524913,8.68406018013718,8.66,0,0,0,0,0,0,0,0,0,0,0,0,0,0,0,0,0,0,0,0,0,0
48.9949748743719,5.00488068970353,5.01975830498399,5.02044963087145,5.02853994172992,5.0077244563416,5.01941166834009,5.01091939090722,4.97485059343114,5.00088232530351,5.00667057265499,5,8.66935746025918,8.69671220538961,8.69987678019934,8.61952517354658,8.64489439648754,8.63638247018623,8.64595466581346,8.69469591600111,8.65890388048833,8.63558570408274,8.66,0,0,0,0,0,0,0,0,0,0,0,0,0,0,0,0,0,0,0,0,0,0
49.2462311557789,4.9816416441859,4.99594335609098,4.99751914606762,4.99958156177671,4.98484559624779,4.98750387559252,4.98007647812484,5.00434250604533,4.96937252121445,4.99342618029039,5,8.62480260057711,8.65246249389808,8.65516233483186,8.6605934214803,8.68963527844876,8.6752036180291,8.68562711833354,8.65400911410889,8.6980487524913,8.68406018013718,8.66,0,0,0,0,0,0,0,0,0,0,0,0,0,0,0,0,0,0,0,0,0,0
49.4974874371859,5.00488068970353,5.01975830498399,5.02044963087145,5.02853994172992,5.0077244563416,5.01941166834008,5.01091939090722,4.97485059343114,5.00088232530351,5.00667057265499,5,8.66935746025918,8.69671220538961,8.69987678019934,8.61952517354658,8.64489439648754,8.63638247018623,8.64595466581346,8.69469591600111,8.65890388048833,8.63558570408274,8.66,0,0,0,0,0,0,0,0,0,0,0,0,0,0,0,0,0,0,0,0,0,0
49.748743718593,4.9816416441859,4.99594335609098,4.99751914606762,4.99958156177671,4.98484559624779,4.98750387559252,4.98007647812484,5.00434250604533,4.96937252121445,4.99342618029039,5,8.62480260057711,8.65246249389808,8.65516233483186,8.6605934214803,8.68963527844876,8.6752036180291,8.68562711833354,8.65400911410889,8.6980487524913,8.68406018013718,8.66,0,0,0,0,0,0,0,0,0,0,0,0,0,0,0,0,0,0,0,0,0,0
50,5.00488068970353,5.01975830498399,5.02044963087145,5.02853994172992,5.0077244563416,5.01941166834009,5.01091939090722,4.97485059343114,5.00088232530351,5.00667057265499,5,8.66935746025918,8.69671220538961,8.69987678019934,8.61952517354658,8.64489439648754,8.63638247018623,8.64595466581346,8.69469591600111,8.65890388048833,8.63558570408274,8.66,0,0,0,0,0,0,0,0,0,0,0,0,0,0,0,0,0,0,0,0,0,0
